"otimism","frivolity","love","gloat","frustration","disaproval","envy","remorse","aggresiviness","rejection","rivalry","contempt","anxiety","awe","submission","coercion","class"
0,9.965784,9.965784,0,0,8.380822,0,8.380822,0,8.380822,0,8.380822,0,0,0,0,"Neutro"
6.058894,9.380822,15.439715,0,10.965784,0,10.965784,0,0,0,0,0,35.255807,0,35.255807,0,"Alegria"
3.02327,0,3.02327,0,10.965784,0,10.965784,0,12.761644,0,12.761644,0,10.965784,0,10.965784,0,"Alegria"
8.965784,5.92139,14.887174,0,0,0,0,31.31239,8.965784,0,8.965784,31.31239,8.965784,0,8.965784,0,"Tristeza"
10.965784,20.346606,31.31239,0,0,0,0,0,0,0,0,5.506353,15.522178,0,15.522178,0,"Surpresa"
3.02327,0,3.02327,0,5.680382,0,5.680382,0,0,0,0,0,22.70506,0,22.70506,0,"Tristeza"
9.380822,8.643856,16.539251,0,0,0,0,10.965784,0,0,7.158429,10.965784,9.380822,8.643856,9.380822,0,"Neutro"
3.02327,9.380822,19.669436,0,28.089998,0,28.089998,32.897353,0,0,0,32.897353,28.089998,0,35.355342,0,"Neutro"
0,0,0,0,12.324238,0,12.324238,7.506353,0,0,0,7.506353,23.290023,0,23.290023,0,"Tristeza"
10.965784,10.965784,21.931569,0,24.471088,15.287712,19.931569,15.287712,0,0,0,0,24.471088,15.287712,19.931569,15.287712,"Surpresa"
0,8.158429,8.158429,0,10.965784,0,10.965784,0,0,0,0,0,19.60964,0,19.60964,0,"Surpresa"
6.878321,8.965784,6.878321,0,0,0,0,0,0,0,0,0,6.878321,0,6.878321,0,"Surpresa"
9.965784,0,9.965784,0,0,9.380822,0,9.380822,0,9.380822,7.643856,9.380822,0,0,0,0,"Neutro"
7.158429,8.965784,8.965784,0,0,0,0,21.931569,0,0,0,21.931569,7.158429,0,0,0,"Surpresa"
6.158429,0,6.158429,0,0,0,0,19.124214,0,0,0,19.124214,6.158429,0,6.158429,0,"Surpresa"
10.965784,10.965784,21.931569,0,32.897353,0,32.897353,0,0,0,0,0,34.596351,0,34.596351,0,"Alegria"
0,16.287712,18.60964,7.643856,7.158429,0,0,7.158429,0,7.643856,9.965784,7.643856,7.158429,0,0,7.158429,"Neutro"
8.965784,0,8.965784,0,0,0,0,0,0,0,0,0,0,0,0,0,"Medo"
0,8.158429,8.158429,0,4.878321,0,0,17.761644,4.878321,0,0,17.761644,21.931569,0,21.931569,0,"Neutro"
5.92139,0,5.92139,0,8.965784,0,0,5.083141,0,0,0,5.083141,8.965784,0,0,0,"Medo"
9.965784,0,9.965784,0,4.878321,0,0,0,4.878321,0,0,0,9.965784,0,9.965784,0,"Medo"
3.02327,0,19.340129,0,6.573467,0,6.573467,0,0,0,0,0,6.573467,0,6.573467,0,"Tristeza"
0,0,0,0,9.965784,0,9.965784,0,0,0,0,0,9.965784,0,9.965784,0,"Surpresa"
8.158429,13.876286,23.582203,0,0,0,0,10.965784,0,5.717857,0,10.965784,8.158429,0,15.423774,0,"Tristeza"
16.024678,0,16.024678,0,0,0,0,17.931569,9.965784,0,9.965784,9.965784,6.058894,0,6.058894,7.965784,"Tristeza"
16.931569,9.380822,26.31239,0,0,0,0,0,7.965784,9.380822,17.346606,0,8.965784,0,8.965784,0,"Neutro"
9.965784,0,9.965784,0,0,0,0,0,10.965784,0,10.965784,0,18.493608,0,18.493608,0,"Neutro"
21.954838,9.380822,21.954838,0,0,0,0,0,0,0,0,0,18.931569,0,18.931569,0,"Tristeza"
6.573467,8.965784,15.539251,0,0,0,0,0,0,0,0,0,6.573467,0,6.573467,8.380822,"Alegria"
10.965784,0,10.965784,0,0,8.643856,0,8.643856,0,8.643856,0,27.4055,10.965784,0,10.965784,0,"Neutro"
0,0,0,0,0,0,0,18.761644,0,0,0,0,0,0,0,0,"Surpresa"
8.965784,7.965784,16.931569,0,0,0,0,20.931569,0,0,0,10.965784,13.522178,0,13.522178,0,"Medo"
15.036751,39.055782,54.092533,0,4.878321,16.316859,0,0,4.878321,16.316859,0,0,15.036751,0,15.036751,0,"Neutro"
9.965784,0,9.965784,0,0,0,0,0,0,0,0,9.380822,9.965784,0,9.965784,0,"Neutro"
9.069809,10.965784,9.069809,0,0,6.380822,0,6.380822,0,0,0,0,0,6.380822,0,6.380822,"Alegria"
0,0,10.965784,0,0,0,0,10.166282,0,0,0,10.166282,19.309575,0,19.309575,0,"Medo"
8.643856,6.795859,15.439715,0,0,0,0,0,0,0,0,0,0,0,0,0,"Neutro"
0,0,0,7.643856,0,0,0,0,0,0,0,8.380822,0,0,0,7.643856,"Medo"
8.965784,8.643856,17.60964,0,6.643856,0,6.643856,10.166282,8.380822,0,8.380822,10.166282,15.60964,0,15.60964,0,"Neutro"
0,0,9.965784,0,9.965784,0,9.965784,0,0,0,0,14.761644,9.965784,0,9.965784,0,"Medo"
0,9.380822,9.380822,0,6.643856,10.965784,6.643856,10.965784,0,0,0,8.158429,6.643856,0,6.643856,0,"Medo"
0,0,10.965784,0,5.680382,0,5.680382,0,0,0,0,0,5.680382,0,16.646166,0,"Alegria"
24.416797,0,24.416797,0,0,0,0,0,0,0,0,0,8.380822,0,8.380822,0,"Surpresa"
0,0,0,0,13.435714,0,13.435714,5.380822,0,0,0,5.380822,0,0,0,0,"Neutro"
5.293359,18.346606,18.346606,0,6.265345,0,6.265345,14.024678,0,0,0,14.024678,11.771697,0,11.771697,0,"Medo"
8.965784,7.795859,16.761644,0,18.761644,0,18.761644,17.931569,0,0,0,17.931569,27.727428,0,27.727428,0,"Alegria"
0,0,0,0,0,0,0,0,0,0,0,0,0,0,0,0,"Surpresa"
0,19.931569,19.931569,0,0,0,0,10.965784,0,0,0,10.965784,0,0,0,0,"Medo"
12.539251,0,12.539251,0,15.802286,0,8.158429,7.643856,0,0,0,0,28.341537,0,20.697681,7.643856,"Surpresa"
0,9.965784,0,9.965784,0,0,0,10.965784,0,0,0,10.965784,0,9.965784,0,9.965784,"Tristeza"
10.965784,29.575425,40.541209,0,12.143666,0,7.265345,9.965784,4.878321,10.965784,0,20.931569,10.965784,0,10.965784,0,"Surpresa"
0,0,0,0,0,0,0,15.931569,0,0,0,7.965784,0,0,0,7.965784,"Medo"
5.92139,9.965784,9.965784,0,0,10.965784,0,0,0,0,0,10.965784,0,10.965784,0,0,"Medo"
21.931569,7.643856,10.965784,7.643856,7.643856,0,0,18.60964,0,7.643856,0,7.643856,29.575425,0,10.965784,18.60964,"Neutro"
9.965784,7.380822,17.346606,0,7.965784,0,0,0,0,0,0,0,17.931569,0,18.60964,0,"Surpresa"
8.965784,9.965784,18.931569,0,8.643856,0,8.643856,0,0,10.965784,0,10.965784,14.361713,0,14.361713,0,"Medo"
10.965784,0,17.073588,0,0,0,0,10.965784,0,0,6.107803,10.965784,10.965784,0,10.965784,0,"Neutro"
0,6.878321,6.878321,0,0,0,0,9.965784,0,0,0,9.965784,0,0,0,0,"Tristeza"
17.539251,8.380822,25.920073,0,0,0,0,0,8.158429,0,8.158429,0,9.380822,0,9.380822,0,"Neutro"
10.965784,0,10.965784,0,20.931569,0,20.931569,0,0,0,0,0,26.649425,0,26.649425,0,"Alegria"
21.931569,0,10.965784,0,0,0,18.346606,12.316859,10.965784,0,0,12.316859,6.717857,0,15.098679,0,"Surpresa"
26.727428,7.643856,0,7.643856,9.380822,0,9.380822,9.965784,0,7.643856,0,17.60964,9.380822,0,9.380822,0,"Neutro"
0,7.506353,7.506353,0,9.965784,18.761644,9.965784,18.761644,0,0,0,0,20.931569,18.761644,20.931569,18.761644,"Neutro"
17.176681,0,17.176681,0,0,0,0,32.897353,0,0,0,32.897353,9.380822,0,9.380822,0,"Neutro"
0,9.380822,9.380822,0,10.965784,0,0,35.055782,0,9.380822,9.380822,24.089998,10.965784,0,0,10.965784,"Desgosto"
13.989054,8.965784,22.954838,0,0,0,0,10.965784,0,10.965784,0,21.931569,21.931569,0,21.931569,0,"Alegria"
18.024678,0,18.024678,0,5.680382,0,5.680382,8.380822,0,0,0,8.380822,16.646166,0,16.646166,0,"Tristeza"
11.989054,16.316859,28.305913,0,0,0,0,0,0,0,0,0,0,0,0,0,"Tristeza"
18.60964,19.346606,29.31239,0,0,0,0,0,0,0,0,0,9.965784,0,9.965784,0,"Tristeza"
0,0,0,0,15.802286,0,8.158429,14.802286,0,0,0,7.158429,15.802286,0,8.158429,7.643856,"Neutro"
8.965784,10.965784,19.931569,0,7.158429,0,0,36.055782,8.965784,0,8.965784,10.965784,7.158429,0,0,25.089998,"Tristeza"
26.727428,0,16.761644,0,46.543519,0,16.646166,35.653684,0,9.965784,0,5.756331,63.305163,0,33.40781,29.897353,"Tristeza"
10.965784,0,10.965784,0,7.265345,0,7.265345,9.380822,0,8.643856,8.643856,9.380822,19.931569,0,19.931569,0,"Neutro"
15.931569,0,22.039372,0,4.878321,0,0,0,4.878321,0,6.107803,0,15.931569,0,15.931569,0,"Neutro"
5.680382,0,5.680382,0,0,7.265345,0,7.265345,0,0,0,0,5.680382,0,5.680382,0,"Neutro"
16.346606,0,16.346606,0,0,0,0,15.346606,0,0,0,15.346606,16.346606,0,16.346606,0,"Tristeza"
16.60964,0,16.60964,0,0,9.965784,0,9.965784,0,0,0,0,7.643856,9.965784,7.643856,9.965784,"Neutro"
7.265345,0,0,0,0,0,0,0,10.965784,0,0,10.965784,7.265345,0,0,0,"Alegria"
30.448452,0,30.448452,0,0,0,0,5.083141,0,0,0,5.083141,30.448452,0,30.448452,0,"Neutro"
29.089998,17.60964,46.699638,0,0,0,0,9.965784,0,0,0,9.965784,18.124214,0,18.124214,0,"Neutro"
22.954838,0,33.920623,0,4.53952,9.380822,0,0,0,9.380822,0,0,21.663733,0,17.124214,0,"Neutro"
27.575425,0,34.733854,0,0,0,0,0,8.965784,0,16.124214,0,18.60964,0,18.60964,0,"Neutro"
0,21.931569,21.931569,0,0,0,0,0,0,0,0,0,0,0,0,0,"Neutro"
9.965784,0,9.965784,0,30.90531,0,15.061204,19.346606,4.878321,6.573467,0,6.573467,26.026988,0,15.061204,19.346606,"Neutro"
29.575425,8.965784,38.541209,0,0,0,0,7.643856,9.965784,0,9.965784,0,8.643856,0,8.643856,7.643856,"Neutro"
9.965784,9.965784,19.931569,0,4.878321,0,0,0,4.878321,0,0,0,9.965784,0,9.965784,0,"Neutro"
26.437921,0,18.931569,0,18.231129,0,0,39.137669,14.771697,0,0,35.703266,29.897353,0,18.931569,16.722115,"Neutro"
10.819129,0,17.977558,0,0,0,0,0,0,0,0,0,7.795859,0,7.795859,0,"Neutro"
0,16.346606,16.346606,0,4.878321,0,0,0,4.878321,0,0,0,0,0,0,0,"Neutro"
0,0,0,0,0,0,0,8.158429,0,0,0,0,0,0,0,8.158429,"Tristeza"
0,14.196859,14.196859,0,0,9.965784,0,9.965784,0,9.965784,0,9.965784,8.965784,0,8.965784,0,"Neutro"
0,0,7.643856,0,0,0,0,11.137153,0,0,7.643856,16.346606,0,0,0,5.756331,"Tristeza"
14.60964,0,14.60964,0,0,0,0,0,10.965784,0,10.965784,0,14.60964,0,14.60964,0,"Tristeza"
0,0,10.965784,0,0,0,0,0,0,0,0,0,8.965784,0,8.965784,0,"Neutro"
0,10.965784,10.965784,0,9.380822,0,9.380822,0,0,0,0,0,16.098679,0,16.098679,9.380822,"Alegria"
0,0,0,0,9.965784,0,9.965784,5.083141,0,0,0,5.083141,9.965784,0,9.965784,0,"Neutro"
0,0,0,0,8.965784,0,8.965784,9.380822,7.795859,0,7.795859,9.380822,8.965784,0,8.965784,0,"Tristeza"
9.965784,0,0,0,9.965784,0,9.965784,10.965784,19.931569,0,9.965784,10.965784,9.965784,0,9.965784,0,"Neutro"
0,7.380822,7.380822,0,13.505304,0,8.965784,5.756331,0,0,0,0,13.505304,0,8.965784,5.756331,"Neutro"
16.024678,0,16.024678,0,0,0,0,0,9.965784,0,9.965784,0,23.083572,0,23.083572,0,"Neutro"
10.965784,7.643856,18.60964,0,15.844106,0,0,16.048926,4.878321,0,0,5.083141,18.231129,0,7.265345,10.965784,"Neutro"
6.506353,0,6.506353,0,10.965784,0,10.965784,9.380822,0,0,0,0,10.965784,0,10.965784,9.380822,"Neutro"
17.231129,8.965784,26.196913,0,0,0,0,0,0,0,0,0,18.231129,0,24.10945,0,"Medo"
0,9.965784,17.60964,0,15.761644,0,15.761644,0,0,9.965784,17.60964,0,15.761644,0,15.761644,0,"Desgosto"
16.761644,0,16.761644,0,0,0,0,31.31239,7.795859,0,7.795859,0,8.965784,0,8.965784,9.380822,"Surpresa"
16.844106,0,16.844106,0,0,10.965784,0,20.931569,9.965784,0,9.965784,9.965784,6.878321,10.965784,6.878321,10.965784,"Medo"
0,28.253497,28.253497,0,8.380822,0,8.380822,0,0,0,0,0,8.380822,0,8.380822,0,"Alegria"
21.784913,32.897353,54.682266,0,8.380822,0,8.380822,0,0,10.965784,10.965784,0,27.142465,10.965784,38.10825,0,"Neutro"
9.965784,0,9.965784,0,0,0,0,8.965784,0,0,0,8.965784,0,0,0,0,"Neutro"
0,7.380822,7.380822,0,0,0,0,0,0,0,0,0,0,0,0,0,"Desgosto"
17.539251,0,17.539251,0,0,0,0,10.965784,0,0,0,10.965784,0,0,0,0,"Alegria"
0,0,0,0,8.643856,0,8.643856,7.643856,0,0,0,7.643856,15.802286,0,15.802286,0,"Desgosto"
0,19.931569,19.931569,0,0,0,0,0,0,0,0,0,16.761644,0,16.761644,0,"Desgosto"
7.795859,8.643856,16.439715,0,0,9.965784,0,18.346606,0,9.965784,0,9.965784,10.965784,0,10.965784,0,"Neutro"
0,0,0,0,18.798663,0,9.380822,0,4.878321,0,0,0,13.920341,0,9.380822,0,"Surpresa"
0,9.380822,19.346606,0,4.878321,0,0,9.965784,4.878321,0,0,9.965784,0,0,0,0,"Desgosto"
0,0,8.158429,0,0,0,0,8.380822,0,0,0,8.380822,0,0,0,0,"Medo"
18.761644,0,9.380822,0,8.643856,0,8.643856,0,0,0,0,0,25.990462,0,25.990462,0,"Surpresa"
0,4.816037,4.816037,0,7.158429,0,0,13.664782,0,0,0,0,7.158429,0,0,13.664782,"Desgosto"
0,0,0,0,6.265345,0,6.265345,8.158429,0,0,0,7.965784,6.265345,0,6.265345,8.158429,"Tristeza"
0,0,0,0,0,0,0,0,0,0,0,0,10.965784,0,10.965784,0,"Neutro"
0,18.761644,9.380822,9.380822,0,0,0,18.024678,0,0,0,18.024678,0,0,0,0,"Tristeza"
18.346606,0,18.346606,0,15.522178,0,6.878321,0,9.965784,0,9.965784,0,23.902999,0,15.259143,0,"Tristeza"
18.931569,0,18.931569,0,0,0,0,17.231129,6.380822,0,6.380822,9.965784,18.931569,0,18.931569,0,"Neutro"
17.346606,5.92139,30.426426,0,0,0,0,0,0,0,0,0,29.089998,0,29.089998,0,"Medo"
10.965784,0,0,0,0,0,0,5.756331,9.965784,0,9.965784,0,10.965784,0,0,16.722115,"Neutro"
7.965784,0,7.965784,0,0,0,0,0,7.965784,0,7.965784,9.965784,0,0,0,0,"Neutro"
0,0,0,0,6.878321,0,6.878321,7.380822,0,0,0,7.380822,15.036751,0,15.036751,0,"Tristeza"
32.33566,0,32.33566,0,9.965784,0,0,17.60964,0,0,0,7.643856,40.863137,0,30.897353,9.965784,"Neutro"
12.421794,15.287712,33.817309,0,9.756643,0,0,7.643856,9.756643,0,6.107803,7.643856,12.421794,0,12.421794,0,"Neutro"
23.33511,10.965784,27.142465,0,0,0,0,16.931569,0,0,0,7.965784,28.841463,0,21.683034,0,"Tristeza"
9.380822,13.591719,22.97254,0,10.965784,0,10.965784,6.158429,0,0,0,6.158429,31.31239,0,31.31239,0,"Neutro"
25.4795,0,18.761644,0,27.505035,8.158429,27.505035,10.965784,0,8.158429,0,6.643856,43.266679,0,43.266679,0,"Neutro"
9.965784,0,9.965784,0,0,0,0,0,0,0,0,0,8.380822,0,8.380822,0,"Tristeza"
33.113268,0,43.079052,0,0,20.931569,0,27.437921,8.158429,0,8.158429,0,21.931569,9.965784,21.931569,16.472137,"Raiva"
0,0,0,0,10.965784,0,0,18.761644,0,0,0,7.795859,19.124214,0,8.158429,10.965784,"Tristeza"
0,17.683641,10.965784,6.717857,0,0,0,0,0,0,0,0,0,0,0,0,"Neutro"
12.421794,18.60964,21.06565,0,0,0,0,16.346606,0,0,0,16.346606,12.421794,9.965784,12.421794,9.965784,"Neutro"
8.965784,0,8.965784,0,8.380822,0,8.380822,0,0,0,0,0,35.693212,0,35.693212,0,"Neutro"
6.380822,0,6.380822,0,0,0,0,0,0,0,0,0,0,0,0,0,"Neutro"
3.02327,10.965784,12.989054,0,10.965784,0,10.965784,0,0,0,0,0,10.965784,0,10.965784,0,"Tristeza"
16.646166,6.643856,29.007879,0,4.53952,0,0,10.965784,0,6.965784,0,6.965784,29.344115,0,24.804596,10.965784,"Medo"
0,0,0,0,0,0,0,36.541209,0,0,0,17.656562,4.556393,0,4.556393,17.931569,"Medo"
9.965784,0,0,0,0,0,0,0,0,0,0,0,9.965784,0,0,0,"Medo"
16.170204,0,25.135988,0,0,0,0,0,0,0,0,0,0,0,8.965784,0,"Tristeza"
7.795859,10.965784,28.727428,0,8.643856,0,8.643856,7.643856,0,0,0,0,19.60964,10.965784,30.575425,7.643856,"Neutro"
13.989054,6.717857,13.989054,6.717857,0,6.380822,0,16.346606,0,0,0,9.965784,10.965784,6.380822,10.965784,6.380822,"Neutro"
21.607952,0,20.562521,0,0,0,0,20.893484,9.380822,0,9.380822,20.893484,0,0,0,0,"Surpresa"
0,0,0,0,15.505304,8.965784,10.965784,9.965784,10.965784,0,10.965784,7.965784,4.53952,8.965784,0,9.965784,"Surpresa"
0,8.643856,8.643856,0,4.53952,0,0,0,0,0,0,0,10.045872,0,5.506353,0,"Medo"
0,7.643856,7.643856,0,0,0,0,0,0,0,0,0,8.643856,0,8.643856,0,"Neutro"
0,0,0,0,0,0,0,9.965784,0,0,0,9.965784,0,0,0,0,"Surpresa"
17.761644,10.965784,50.658996,0,0,0,0,0,0,0,21.931569,5.506353,7.795859,0,7.795859,9.380822,"Alegria"
31.897353,19.124214,61.987351,0,0,0,0,0,10.965784,0,10.965784,10.965784,9.965784,0,20.931569,0,"Neutro"
0,13.435714,0,13.435714,0,0,0,10.965784,0,0,0,10.965784,0,0,0,7.158429,"Alegria"
12.77675,0,6.058894,0,0,0,0,7.643856,0,0,0,7.643856,6.058894,0,6.058894,0,"Neutro"
9.965784,0,9.965784,0,6.265345,0,6.265345,0,0,0,0,0,16.231129,0,16.231129,0,"Surpresa"
9.965784,0,9.965784,0,0,0,0,20.931569,0,0,0,20.931569,9.965784,0,9.965784,0,"Tristeza"
0,10.965784,18.124214,0,0,0,0,8.965784,0,0,0,8.965784,0,0,0,0,"Tristeza"
6.573467,0,6.573467,0,0,10.965784,0,20.931569,0,0,0,9.965784,0,0,0,0,"Alegria"
9.380822,5.92139,36.233781,0,0,0,0,0,8.380822,0,8.380822,0,9.380822,0,9.380822,0,"Medo"
16.697451,0,3.02327,0,0,0,0,0,0,0,0,0,0,0,0,0,"Tristeza"
10.965784,18.60964,18.60964,0,0,0,0,14.423774,0,0,0,7.158429,10.965784,0,10.965784,7.265345,"Neutro"
21.147483,0,21.147483,0,0,0,0,0,0,0,0,0,10.965784,0,10.965784,0,"Tristeza"
0,0,7.643856,0,0,0,0,17.931569,0,0,7.643856,6.965784,0,0,0,10.965784,"Tristeza"
30.897353,0,30.897353,0,10.965784,0,10.965784,0,0,0,14.316859,0,30.897353,0,30.897353,0,"Tristeza"
0,9.965784,9.965784,0,21.931569,8.643856,21.931569,32.978967,0,8.643856,0,24.820537,10.965784,0,10.965784,8.158429,"Alegria"
6.210897,18.60964,24.820537,0,23.06763,0,23.06763,0,0,6.573467,0,6.573467,23.06763,0,23.06763,0,"Alegria"
0,0,5.717857,0,15.505304,0,10.965784,0,0,0,0,0,33.85191,0,29.31239,0,"Tristeza"
0,8.643856,8.643856,0,0,0,0,5.083141,0,0,0,5.083141,0,0,0,0,"Medo"
0,6.878321,6.878321,0,6.717857,0,6.717857,0,0,0,0,0,8.643856,0,8.643856,0,"Medo"
15.539251,0,15.539251,0,0,0,7.643856,6.795859,0,0,0,6.795859,24.920073,0,32.563929,0,"Surpresa"
35.312119,14.302212,49.614331,0,8.643856,0,8.643856,0,0,0,0,0,21.79079,0,21.79079,0,"Medo"
19.124214,0,19.124214,0,0,0,0,0,9.965784,0,9.965784,7.965784,19.124214,0,19.124214,0,"Tristeza"
30.31239,9.965784,20.346606,9.965784,29.727428,0,29.727428,6.158429,0,9.965784,0,16.124214,18.761644,0,18.761644,0,"Surpresa"
0,0,0,0,7.265345,0,7.265345,0,0,0,0,0,8.965784,0,8.965784,0,"Neutro"
8.643856,20.931569,18.60964,0,12.143666,0,0,7.265345,12.143666,0,0,7.265345,0,0,0,0,"Medo"
0,0,5.717857,0,0,0,0,0,0,0,0,0,0,0,0,0,"Medo"
3.02327,0,3.02327,0,0,8.965784,8.965784,0,0,0,0,0,0,0,0,0,"Tristeza"
21.931569,0,21.931569,0,0,0,0,24.429747,0,0,0,13.463963,21.931569,0,21.931569,0,"Neutro"
25.026988,17.024678,34.786322,0,0,0,0,0,0,0,0,0,15.646166,0,8.380822,0,"Tristeza"
0,30.063856,30.063856,0,10.965784,0,10.965784,9.380822,0,0,0,9.380822,6.795859,0,6.795859,10.965784,"Neutro"
0,0,0,0,0,0,0,9.380822,0,0,0,9.380822,21.931569,0,21.931569,0,"Neutro"
8.965784,0,14.423774,0,0,0,0,8.965784,0,0,0,0,9.965784,0,24.389558,8.965784,"Surpresa"
17.346606,0,17.346606,0,0,0,0,0,0,0,0,5.506353,0,0,0,0,"Surpresa"
0,19.931569,29.897353,9.965784,9.965784,0,0,9.965784,0,0,0,0,9.965784,0,0,9.965784,"Neutro"
21.931569,0,29.196913,0,24.002535,0,8.158429,21.931569,24.002535,0,8.158429,10.965784,21.931569,0,29.196913,21.931569,"Alegria"
10.965784,8.158429,10.965784,0,5.680382,0,5.680382,0,0,0,0,0,5.680382,0,5.680382,0,"Tristeza"
0,8.380822,8.380822,0,7.158429,0,7.158429,0,0,0,10.965784,0,7.158429,0,7.158429,0,"Alegria"
9.965784,0,9.965784,0,0,0,0,0,0,0,0,0,0,0,0,0,"Neutro"
9.380822,0,9.380822,0,0,0,0,0,0,0,0,0,0,0,0,0,"Neutro"
6.878321,9.965784,16.844106,0,0,0,0,0,0,0,0,0,6.878321,0,6.878321,0,"Neutro"
9.965784,0,9.965784,0,10.965784,0,10.965784,0,0,0,0,0,9.965784,0,9.965784,0,"Medo"
9.965784,0,9.965784,0,0,0,0,9.380822,0,0,0,14.887174,9.965784,0,9.965784,0,"Surpresa"
0,7.380822,7.380822,0,8.158429,0,8.158429,0,0,0,0,0,8.158429,0,8.158429,0,"Neutro"
13.259143,0,13.683641,0,8.643856,0,8.643856,5.380822,0,0,0,5.380822,16.60964,0,16.60964,0,"Tristeza"
0,0,0,0,0,0,0,0,0,0,0,0,0,0,0,0,"Desgosto"
0,0,0,0,0,0,0,0,0,0,0,16.316859,0,0,0,0,"Neutro"
0,8.158429,8.158429,0,6.878321,0,6.878321,16.887174,0,0,0,9.380822,6.878321,0,6.878321,7.506353,"Medo"
18.761644,10.965784,29.727428,0,8.380822,0,8.380822,21.931569,0,0,0,21.931569,7.795859,0,7.795859,0,"Surpresa"
3.02327,4.816037,7.839307,0,0,0,0,19.044043,0,0,0,13.287712,9.965784,0,9.965784,5.756331,"Tristeza"
3.02327,8.965784,11.989054,0,9.965784,0,0,0,0,9.965784,0,9.965784,9.965784,0,0,0,"Surpresa"
0,15.802286,7.643856,0,7.643856,0,0,14.802286,0,0,0,7.158429,16.60964,0,8.965784,7.643856,"Tristeza"
6.965784,0,6.965784,0,0,0,0,8.380822,0,0,0,0,14.231129,0,14.231129,8.380822,"Tristeza"
19.60964,0,19.60964,0,23.364023,0,16.098679,17.231129,7.265345,0,0,7.265345,9.380822,0,9.380822,9.965784,"Medo"
10.965784,6.643856,17.60964,0,10.965784,0,0,10.965784,0,0,0,0,10.965784,0,0,10.965784,"Neutro"
12.302212,0,13.346606,0,9.380822,0,9.380822,0,0,0,0,0,9.380822,0,9.380822,0,"Tristeza"
11.360764,8.158429,19.519193,0,0,0,0,6.380822,0,0,0,6.380822,11.360764,0,11.360764,0,"Surpresa"
0,0,0,0,4.53952,0,0,14.423774,0,0,0,7.158429,14.505304,0,9.965784,10.965784,"Surpresa"
0,0,7.265345,0,21.931569,0,21.931569,0,0,0,7.265345,0,21.931569,0,21.931569,0,"Alegria"
12.77675,10.965784,17.024678,0,0,0,0,7.965784,0,0,0,8.158429,6.058894,0,6.058894,7.965784,"Neutro"
0,0,0,0,16.231129,8.380822,16.231129,8.380822,0,8.380822,0,8.380822,16.231129,0,16.231129,0,"Surpresa"
10.965784,0,10.965784,0,10.965784,0,0,27.990462,0,0,0,8.380822,31.897353,0,20.931569,10.965784,"Neutro"
27.4055,0,18.024678,0,0,0,0,0,0,0,0,0,20.346606,0,10.965784,0,"Alegria"
13.609988,0,3.02327,0,0,0,0,0,0,0,0,0,0,0,0,0,"Tristeza"
0,0,0,0,0,0,0,6.380822,0,0,0,6.380822,0,0,0,0,"Neutro"
6.573467,0,6.573467,0,0,0,0,12.887174,0,0,0,5.380822,0,0,0,7.506353,"Medo"
7.965784,7.965784,15.931569,0,10.965784,0,0,10.965784,0,0,0,0,18.931569,0,7.965784,10.965784,"Medo"
14.346606,21.931569,25.31239,0,0,0,0,12.539251,0,0,0,12.539251,7.965784,0,7.965784,0,"Medo"
9.380822,9.965784,9.380822,0,10.965784,0,0,20.931569,0,0,0,15.472137,20.346606,0,9.380822,10.965784,"Surpresa"
0,9.380822,9.380822,0,10.965784,0,10.965784,8.380822,0,0,0,0,10.965784,0,10.965784,0,"Surpresa"
39.403706,0,39.403706,0,0,0,0,0,10.965784,16.316859,10.965784,16.316859,18.472137,0,18.472137,0,"Surpresa"
7.158429,0,24.282643,0,10.965784,0,10.965784,14.150209,0,0,17.124214,7.643856,18.124214,0,18.124214,6.506353,"Neutro"
10.965784,0,10.965784,0,4.878321,0,0,8.380822,4.878321,0,0,0,10.965784,0,10.965784,0,"Neutro"
9.965784,0,0,0,0,0,0,15.922613,0,0,0,10.166282,9.965784,0,9.965784,5.756331,"Neutro"
18.346606,18.346606,36.693212,0,9.965784,0,9.965784,10.965784,9.965784,0,9.965784,10.965784,18.346606,0,18.346606,0,"Neutro"
0,0,0,0,8.643856,0,8.643856,0,0,0,0,17.60964,8.643856,0,8.643856,0,"Tristeza"
8.965784,0,8.965784,0,10.965784,0,10.965784,0,8.965784,0,8.965784,0,10.965784,0,10.965784,0,"Alegria"
10.965784,0,10.965784,0,0,8.380822,0,17.346606,0,8.380822,0,8.380822,10.965784,0,10.965784,8.965784,"Desgosto"
0,0,0,0,9.380822,0,0,6.965784,0,0,0,6.965784,9.380822,0,0,0,"Tristeza"
20.954838,0,20.954838,0,0,0,0,0,0,0,0,5.506353,25.31239,0,25.31239,0,"Neutro"
17.472137,0,17.472137,0,0,0,0,9.965784,0,0,0,9.965784,18.346606,0,18.346606,0,"Neutro"
0,9.380822,17.024678,0,0,7.643856,0,15.287712,0,0,7.643856,7.643856,0,7.643856,0,7.643856,"Desgosto"
0,8.965784,0,8.965784,0,0,0,6.795859,0,8.965784,0,15.761644,0,0,0,0,"Surpresa"
6.210897,7.380822,13.591719,0,0,0,0,5.083141,0,0,0,5.083141,10.965784,0,10.965784,0,"Neutro"
10.819129,10.965784,21.784913,0,0,0,7.643856,0,0,0,0,0,0,0,7.643856,0,"Surpresa"
9.380822,0,9.380822,0,0,0,0,0,0,0,0,0,10.965784,0,10.965784,0,"Neutro"
5.643856,0,5.643856,0,0,0,0,0,0,0,0,0,5.643856,0,11.522178,0,"Surpresa"
17.012324,15.664782,32.677106,0,8.965784,0,8.965784,7.965784,0,9.380822,0,9.380822,27.31239,0,27.31239,0,"Surpresa"
0,7.643856,7.643856,0,7.643856,0,0,7.643856,0,0,0,0,7.643856,0,0,7.643856,"Neutro"
0,17.761644,17.761644,0,0,0,0,25.115993,0,0,0,10.965784,0,0,0,14.150209,"Neutro"
0,8.965784,8.965784,0,0,0,0,0,0,9.380822,0,0,0,0,0,0,"Desgosto"
10.965784,9.965784,20.931569,0,0,0,0,10.965784,0,0,0,10.965784,16.472137,9.965784,26.437921,0,"Desgosto"
9.965784,0,9.965784,0,0,0,0,0,0,0,0,11.012705,18.60964,0,18.60964,7.965784,"Neutro"
0,0,0,0,26.897353,0,26.897353,9.380822,10.965784,0,10.965784,9.380822,26.897353,0,26.897353,0,"Neutro"
0,0,0,0,16.316859,0,16.316859,0,0,0,0,0,23.697681,0,23.697681,0,"Neutro"
9.380822,17.287712,26.668534,0,10.965784,0,10.965784,9.380822,0,0,0,9.380822,9.380822,0,9.380822,0,"Tristeza"
18.761644,0,18.761644,0,0,0,0,0,0,6.965784,0,6.965784,18.761644,0,18.761644,0,"Neutro"
18.931569,0,18.931569,0,0,0,0,0,0,0,0,0,8.965784,0,8.965784,0,"Neutro"
15.024678,5.717857,20.742535,0,10.965784,0,10.965784,0,0,5.717857,0,0,18.931569,0,18.931569,0,"Desgosto"
29.196913,0,21.931569,0,0,0,0,0,0,0,0,0,29.196913,0,21.931569,0,"Tristeza"
8.380822,8.643856,8.643856,0,0,0,0,0,0,0,0,0,8.965784,0,0,8.965784,"Neutro"
19.931569,0,8.965784,0,16.231129,0,6.265345,5.083141,0,0,0,5.083141,36.162697,0,26.196913,0,"Surpresa"
23.727428,0,23.727428,0,29.897353,0,9.965784,30.897353,30.897353,0,10.965784,30.897353,22.727428,0,22.727428,0,"Surpresa"
9.965784,9.965784,19.931569,0,0,0,0,0,0,0,0,0,16.761644,0,16.761644,0,"Alegria"
6.158429,10.965784,17.124214,0,0,8.158429,0,8.380822,0,8.158429,0,8.380822,14.124214,10.965784,25.089998,0,"Alegria"
10.965784,0,10.965784,0,0,0,0,0,0,0,0,0,7.380822,0,7.380822,0,"Neutro"
13.124214,8.643856,21.76807,0,0,0,0,6.158429,0,0,7.965784,6.158429,13.124214,0,13.124214,0,"Neutro"
6.717857,0,0,0,0,0,0,5.756331,0,0,0,12.400187,0,0,0,0,"Tristeza"
0,0,0,0,0,10.965784,0,16.722115,0,10.965784,0,16.722115,0,0,0,0,"Surpresa"
0,14.887174,14.887174,0,8.380822,0,0,14.137153,0,0,0,0,8.380822,0,0,14.137153,"Neutro"
0,7.795859,7.795859,0,8.643856,0,8.643856,9.380822,0,0,0,0,8.643856,0,8.643856,9.380822,"Alegria"
6.210897,0,6.210897,0,7.158429,7.265345,7.158429,18.231129,0,0,0,17.346606,7.158429,0,7.158429,0,"Surpresa"
19.60964,13.756643,33.366283,0,0,9.965784,0,9.965784,0,9.965784,0,20.931569,19.60964,0,19.60964,0,"Neutro"
24.954838,7.795859,32.750698,0,8.380822,0,0,26.852959,0,0,0,10.965784,19.346606,0,10.965784,15.887174,"Medo"
10.965784,8.643856,19.60964,0,0,8.965784,0,10.965784,0,0,0,0,18.931569,8.965784,27.575425,10.965784,"Surpresa"
22.387578,8.965784,31.353362,0,7.158429,0,0,7.158429,0,0,0,0,40.511791,8.965784,42.319146,7.158429,"Neutro"
15.646166,18.761644,34.40781,0,0,0,0,9.380822,0,0,0,0,5.680382,0,5.680382,9.380822,"Alegria"
10.965784,8.158429,19.124214,0,8.965784,0,0,35.653684,0,0,0,20.931569,19.931569,0,10.965784,14.722115,"Neutro"
0,0,0,0,0,0,0,27.44423,0,0,0,23.897353,8.158429,0,8.158429,11.512662,"Alegria"
0,0,0,0,43.863137,21.931569,32.897353,51.243959,0,19.60964,8.643856,31.31239,43.863137,10.965784,32.897353,10.965784,"Medo"
6.965784,18.346606,25.31239,0,0,0,0,0,0,0,0,0,6.965784,0,6.965784,0,"Medo"
0,0,0,0,5.680382,0,5.680382,0,0,0,0,0,5.680382,0,5.680382,0,"Surpresa"
6.878321,0,6.878321,0,18.856378,0,14.316859,0,0,0,0,0,25.7347,0,21.19518,0,"Medo"
19.346606,0,26.505035,0,0,9.965784,0,9.965784,0,0,0,0,19.346606,9.965784,19.346606,9.965784,"Neutro"
10.181699,8.380822,18.562521,0,0,0,0,15.887174,0,0,0,15.887174,0,0,0,0,"Tristeza"
0,7.643856,7.643856,0,0,0,0,8.380822,0,0,0,8.380822,5.717857,0,5.717857,0,"Medo"
23.722427,33.648818,77.577727,0,18.024678,10.965784,18.024678,10.965784,0,10.965784,6.107803,10.965784,32.366283,0,32.366283,0,"Surpresa"
10.965784,0,10.965784,0,22.697681,10.965784,33.663465,0,0,10.965784,10.965784,0,33.663465,0,33.663465,10.965784,"Medo"
5.92139,0,0,0,15.802286,9.380822,15.802286,18.761644,0,0,0,9.380822,15.802286,9.380822,15.802286,9.380822,"Alegria"
6.210897,9.380822,15.591719,0,10.965784,0,10.965784,0,0,9.380822,9.380822,0,0,0,0,0,"Medo"
9.965784,10.965784,9.965784,0,0,0,0,27.727428,0,10.965784,0,19.346606,0,0,0,8.380822,"Medo"
20.931569,0,20.931569,0,0,0,0,0,0,0,0,0,30.897353,0,30.897353,0,"Tristeza"
6.573467,0,6.573467,0,0,0,0,0,0,10.965784,0,10.965784,6.573467,0,6.573467,0,"Surpresa"
6.158429,17.931569,6.158429,17.931569,10.965784,0,10.965784,10.965784,0,0,0,9.965784,17.124214,0,17.124214,10.965784,"Tristeza"
8.380822,0,8.380822,0,9.380822,0,9.380822,0,0,6.965784,0,21.727428,17.761644,0,17.761644,0,"Medo"
6.380822,0,6.380822,7.643856,4.53952,0,0,0,10.965784,0,10.965784,0,15.81377,0,11.27425,7.643856,"Surpresa"
15.60964,0,15.60964,0,0,0,0,0,0,0,0,0,15.60964,0,15.60964,0,"Alegria"
3.02327,8.643856,11.667126,0,10.965784,9.965784,10.965784,9.965784,0,0,0,0,10.965784,9.965784,10.965784,9.965784,"Surpresa"
0,0,0,0,0,0,0,6.380822,0,0,0,6.380822,0,0,0,0,"Medo"
10.965784,0,18.124214,0,6.573467,7.265345,6.573467,22.31427,0,7.265345,0,22.31427,26.920073,0,26.920073,0,"Neutro"
0,10.965784,0,0,9.965784,0,9.965784,7.158429,0,0,0,7.158429,9.965784,0,9.965784,0,"Tristeza"
10.965784,0,10.965784,0,9.380822,0,9.380822,0,0,0,0,8.380822,9.380822,0,9.380822,0,"Tristeza"
9.380822,0,9.380822,0,6.265345,0,6.265345,0,0,0,0,0,6.265345,0,6.265345,0,"Desgosto"
0,0,0,0,9.965784,0,9.965784,10.965784,0,0,0,10.965784,9.965784,0,9.965784,0,"Surpresa"
23.223221,0,23.223221,0,0,0,0,5.756331,7.795859,9.380822,7.795859,9.380822,9.380822,0,9.380822,5.756331,"Surpresa"
0,0,0,0,8.643856,21.931569,8.643856,21.931569,0,0,0,0,8.643856,21.931569,8.643856,21.931569,"Neutro"
0,15.909201,15.909201,0,0,0,0,15.048926,0,0,0,15.048926,0,0,0,10.965784,"Neutro"
14.664782,0,0,0,0,0,0,7.506353,7.506353,6.965784,0,14.472137,7.158429,0,0,0,"Tristeza"
30.31239,0,21.931569,0,0,0,0,0,0,0,0,0,21.931569,0,21.931569,0,"Neutro"
13.089218,17.287712,25.083572,0,0,0,0,5.756331,0,0,0,12.400187,13.302212,0,13.302212,0,"Medo"
15.887174,0,9.965784,0,0,0,0,0,0,0,0,0,9.965784,0,9.965784,0,"Tristeza"
11.84278,0,22.808565,0,10.965784,0,0,10.965784,0,6.965784,0,6.965784,10.965784,0,0,10.965784,"Medo"
39.657588,20.931569,60.589157,0,0,0,0,0,0,9.965784,9.965784,0,31.386391,0,31.386391,0,"Surpresa"
18.761644,0,27.4055,0,38.371284,0,29.727428,16.60964,0,0,0,0,38.371284,0,29.727428,16.60964,"Surpresa"
0,0,0,0,0,9.965784,0,9.965784,0,0,0,0,10.965784,9.965784,0,20.931569,"Neutro"
0,17.346606,17.346606,0,0,9.965784,0,28.31239,0,0,0,8.380822,0,0,0,0,"Surpresa"
6.210897,0,19.584045,0,9.965784,0,9.965784,10.965784,0,0,13.373148,0,16.176681,0,16.176681,0,"Neutro"
0,0,0,0,4.878321,0,0,21.931569,4.878321,0,0,28.575425,0,0,0,0,"Neutro"
35.190712,10.965784,40.863137,0,0,0,0,6.643856,10.965784,0,10.965784,6.643856,20.630566,0,20.630566,0,"Tristeza"
0,4.816037,4.816037,0,0,0,0,0,0,0,10.965784,0,0,0,0,0,"Tristeza"
9.380822,0,9.380822,0,10.965784,0,10.965784,0,0,0,0,9.965784,18.60964,0,18.60964,0,"Neutro"
8.965784,10.965784,8.965784,0,19.931569,0,19.931569,7.380822,0,0,0,7.380822,0,0,0,0,"Tristeza"
13.024678,0,13.024678,0,4.878321,0,0,0,4.878321,6.573467,0,6.573467,20.290023,0,20.290023,0,"Tristeza"
0,20.931569,27.039372,0,4.878321,0,0,0,4.878321,8.158429,6.107803,8.158429,0,0,0,0,"Tristeza"
0,0,0,0,28.575425,0,17.60964,21.931569,0,0,0,10.965784,28.575425,0,17.60964,10.965784,"Tristeza"
5.92139,0,0,0,0,0,0,28.089998,0,0,0,28.089998,0,0,0,8.380822,"Neutro"
9.380822,0,9.380822,0,0,0,0,0,0,0,0,0,9.380822,0,9.380822,0,"Neutro"
0,0,6.965784,0,10.965784,0,10.965784,9.965784,0,0,0,23.253497,18.124214,0,18.124214,0,"Tristeza"
0,10.965784,10.965784,0,7.265345,0,7.265345,0,0,0,0,0,7.265345,0,7.265345,0,"Alegria"
0,0,0,0,9.965784,0,0,9.965784,0,0,0,0,9.965784,0,0,9.965784,"Alegria"
5.293359,0,0,0,0,0,0,0,0,0,0,0,0,0,0,0,"Tristeza"
0,0,0,0,0,0,0,7.265345,0,0,0,0,0,0,0,7.265345,"Neutro"
0,0,6.107803,0,4.878321,0,0,0,4.878321,0,6.107803,0,0,0,0,0,"Tristeza"
0,0,0,0,0,0,0,16.346606,0,0,0,16.346606,0,0,0,0,"Tristeza"
8.965784,0,16.124214,0,4.53952,10.965784,0,10.965784,0,0,7.158429,0,13.505304,10.965784,8.965784,10.965784,"Neutro"
9.965784,8.380822,8.380822,0,0,0,0,6.158429,0,0,0,12.802286,0,0,0,0,"Alegria"
13.989054,0,13.989054,0,0,0,0,0,10.965784,0,10.965784,0,0,0,0,0,"Alegria"
0,0,0,0,0,0,0,12.241571,0,0,0,12.241571,0,0,0,0,"Neutro"
9.380822,0,9.380822,0,0,10.965784,0,29.575425,0,0,0,18.60964,9.380822,10.965784,9.380822,10.965784,"Neutro"
0,0,0,0,9.965784,0,9.965784,8.643856,0,0,0,0,9.965784,0,9.965784,8.643856,"Tristeza"
0,19.931569,19.931569,0,0,0,0,0,0,26.897353,39.863137,6.965784,0,0,0,0,"Alegria"
0,14.513716,7.795859,6.717857,0,7.265345,0,7.265345,0,7.265345,0,7.265345,0,0,0,0,"Neutro"
30.908577,8.965784,39.874362,0,9.380822,0,9.380822,0,0,0,0,0,32.49354,0,32.49354,0,"Alegria"
0,24.253497,15.287712,8.965784,8.158429,0,8.158429,0,0,8.965784,0,8.965784,8.158429,0,8.158429,0,"Neutro"
0,0,0,0,4.878321,0,0,6.643856,4.878321,0,0,6.643856,17.761644,0,17.761644,0,"Tristeza"
0,0,0,0,0,0,0,0,0,0,0,0,0,0,0,0,"Alegria"
0,6.795859,6.795859,0,0,0,0,0,0,0,0,0,14.761644,0,14.761644,0,"Surpresa"
27.727428,0,27.727428,0,8.965784,7.265345,0,21.31427,0,0,0,5.083141,19.931569,0,10.965784,8.965784,"Alegria"
20.931569,0,20.931569,0,0,0,0,0,0,0,0,0,0,0,0,0,"Neutro"
12.928754,0,12.3187,0,18.124214,0,10.965784,7.158429,0,0,6.107803,0,21.33511,0,14.176681,7.158429,"Tristeza"
0,6.717857,0,6.717857,7.158429,9.380822,7.158429,9.380822,0,9.380822,0,9.380822,7.158429,0,7.158429,0,"Tristeza"
18.369876,0,18.369876,0,0,0,0,0,0,0,0,0,0,0,0,0,"Tristeza"
8.380822,0,8.380822,0,0,0,0,9.380822,0,0,0,15.761644,0,0,0,0,"Tristeza"
13.117787,0,13.117787,0,0,0,0,0,0,0,0,0,14.217323,0,14.217323,0,"Neutro"
13.439715,0,33.049356,0,7.643856,0,7.643856,0,7.795859,0,7.795859,0,13.287712,0,13.287712,0,"Tristeza"
10.965784,0,10.965784,0,0,0,7.643856,9.965784,0,0,0,9.965784,10.965784,0,18.60964,0,"Neutro"
7.506353,9.965784,17.472137,0,0,0,0,21.931569,0,0,0,21.931569,7.506353,0,7.506353,0,"Neutro"
10.965784,0,10.965784,0,28.142465,0,28.142465,0,0,0,0,0,10.965784,0,10.965784,0,"Neutro"
20.199951,16.176681,31.518651,0,0,0,0,0,0,0,6.107803,0,21.733074,0,10.76729,0,"Tristeza"
19.931569,4.816037,24.747606,0,0,0,0,0,9.965784,8.643856,18.60964,0,9.965784,0,9.965784,0,"Tristeza"
7.795859,15.361713,7.795859,6.717857,0,0,0,10.965784,0,0,0,0,7.795859,8.643856,7.795859,0,"Alegria"
0,0,8.380822,0,0,0,0,0,0,0,0,5.506353,0,0,0,0,"Surpresa"
13.439715,0,13.439715,0,0,0,0,0,0,0,0,0,6.380822,0,6.380822,0,"Alegria"
0,0,0,0,6.573467,9.965784,6.573467,9.965784,0,9.965784,0,9.965784,6.573467,0,6.573467,0,"Surpresa"
0,0,0,0,4.878321,8.965784,0,15.60964,4.878321,0,0,6.643856,0,8.965784,0,8.965784,"Alegria"
10.965784,0,0,0,0,7.265345,0,7.265345,0,0,0,0,0,0,0,0,"Alegria"
9.965784,0,0,0,0,0,0,0,0,0,0,5.506353,11.27425,0,11.27425,0,"Surpresa"
0,0,7.643856,0,0,0,0,0,0,0,7.643856,6.380822,0,0,0,0,"Alegria"
0,0,0,0,0,0,0,0,0,0,0,0,0,0,0,0,"Neutro"
0,0,0,0,0,0,0,10.965784,0,0,0,10.965784,19.931569,0,19.931569,0,"Neutro"
8.643856,6.717857,0,6.717857,24.389558,0,24.389558,14.024678,0,0,0,14.024678,25.76807,0,17.124214,0,"Neutro"
0,0,0,0,0,0,0,0,0,0,0,0,0,0,0,0,"Alegria"
8.158429,6.643856,30.926499,0,0,0,0,0,0,0,8.965784,0,12.714823,0,12.714823,0,"Neutro"
10.965784,6.643856,17.60964,0,0,0,0,10.965784,0,0,0,0,10.965784,0,10.965784,10.965784,"Neutro"
8.158429,11.435714,22.689118,0,0,0,0,0,0,11.435714,0,0,8.158429,0,22.689118,0,"Tristeza"
0,0,0,0,0,0,0,21.931569,0,0,0,0,0,0,0,21.931569,"Neutro"
5.92139,8.965784,19.931569,0,0,0,0,0,0,0,0,0,0,0,10.965784,0,"Neutro"
20.346606,0,9.380822,10.965784,0,0,0,0,0,0,0,10.965784,9.380822,0,9.380822,0,"Alegria"
6.380822,0,6.380822,0,8.643856,0,8.643856,0,0,0,0,0,15.024678,0,15.024678,0,"Neutro"
5.293359,7.795859,18.761644,0,24.14916,0,8.643856,19.931569,0,0,0,0,44.080729,0,39.541209,10.965784,"Tristeza"
0,0,0,0,0,0,0,0,0,0,0,0,19.931569,0,10.965784,8.965784,"Neutro"
0,0,0,0,10.965784,0,10.965784,8.965784,0,0,0,8.965784,17.761644,0,17.761644,0,"Neutro"
10.965784,8.158429,19.124214,0,18.346606,0,18.346606,0,0,0,0,0,18.346606,0,18.346606,0,"Tristeza"
0,0,0,0,0,0,0,0,0,0,0,0,0,0,0,0,"Alegria"
0,0,0,0,17.931569,0,17.931569,19.931569,0,0,0,19.931569,7.965784,0,7.965784,0,"Neutro"
26.557503,15.539251,34.938325,0,0,8.965784,0,8.965784,0,8.965784,0,8.965784,20.510682,0,20.510682,0,"Tristeza"
17.006471,10.965784,13.989054,0,0,0,0,9.965784,0,0,0,9.965784,7.265345,0,0,0,"Alegria"
8.158429,8.643856,16.802286,0,0,0,0,0,0,0,0,0,8.158429,0,8.158429,0,"Tristeza"
0,19.931569,19.931569,0,19.997241,0,19.997241,0,0,0,0,0,19.997241,0,19.997241,0,"Surpresa"
22.808565,0,29.774349,0,21.931569,0,21.931569,0,0,0,0,0,32.897353,0,32.897353,0,"Medo"
15.036751,19.931569,34.968319,0,0,0,0,7.643856,8.158429,0,8.158429,7.643856,6.878321,0,6.878321,0,"Neutro"
19.668534,0,30.634318,0,0,0,0,0,0,0,0,0,26.727428,0,26.727428,0,"Tristeza"
0,0,7.158429,0,0,0,0,5.756331,0,0,7.158429,0,4.556393,0,4.556393,5.756331,"Neutro"
5.680382,0,5.680382,0,0,0,0,8.380822,0,0,0,0,5.680382,0,5.680382,0,"Neutro"
25.31239,10.965784,47.243959,0,17.683641,0,6.717857,21.931569,10.965784,0,10.965784,30.31239,18.931569,0,18.931569,0,"Alegria"
15.098679,0,8.380822,0,22.886126,0,18.346606,10.965784,0,0,0,23.115993,31.266947,0,26.727428,0,"Surpresa"
5.643856,0,5.643856,0,0,0,10.965784,7.265345,0,0,0,0,5.643856,0,16.60964,0,"Neutro"
15.591719,12.799712,28.39143,0,4.53952,0,0,32.248427,0,0,0,24.282643,20.131238,9.965784,15.591719,28.897353,"Tristeza"
0,0,0,0,0,0,9.965784,0,0,10.965784,0,10.965784,4.556393,0,4.556393,0,"Alegria"
0,0,0,0,0,0,0,10.965784,0,0,0,16.472137,0,0,0,0,"Surpresa"
5.293359,0,6.965784,0,0,0,0,0,0,0,0,0,0,0,0,0,"Tristeza"
0,0,0,0,0,0,0,0,0,0,0,0,0,0,0,0,"Alegria"
0,10.965784,10.965784,0,9.965784,10.965784,0,20.931569,9.965784,10.965784,0,20.931569,0,0,0,0,"Surpresa"
0,0,0,0,0,0,0,5.756331,0,0,0,0,0,0,0,5.756331,"Tristeza"
15.591719,7.795859,14.006756,0,10.965784,0,10.965784,0,0,0,0,0,0,0,0,0,"Neutro"
19.346606,0,28.31239,0,0,8.643856,0,8.643856,0,0,0,0,19.346606,8.643856,19.346606,8.643856,"Neutro"
5.643856,0,5.643856,0,0,0,0,10.965784,0,0,0,10.965784,12.439715,0,12.439715,0,"Tristeza"
0,0,0,0,9.380822,0,9.380822,0,0,0,0,5.506353,13.937215,0,13.937215,0,"Alegria"
0,0,0,0,0,0,0,0,0,0,0,0,0,0,5.878321,0,"Tristeza"
48.655574,7.643856,68.515037,0,9.756643,19.124214,0,10.965784,20.722427,19.124214,23.181391,10.965784,27.724006,0,27.724006,0,"Neutro"
0,0,0,0,4.878321,0,0,7.795859,4.878321,0,0,7.795859,10.965784,0,10.965784,0,"Neutro"
25.647922,5.92139,20.982594,0,0,0,0,0,0,0,0,0,15.061204,0,15.061204,0,"Tristeza"
9.965784,0,9.965784,0,0,0,0,9.380822,16.346606,0,16.346606,9.380822,0,0,0,0,"Alegria"
0,10.965784,18.124214,0,10.965784,0,10.965784,9.380822,0,0,0,14.887174,24.902999,0,32.061429,7.965784,"Surpresa"
0,33.078502,33.078502,0,10.965784,0,10.965784,0,0,0,0,0,21.931569,0,21.931569,0,"Neutro"
0,7.795859,7.795859,0,13.530689,0,6.265345,14.909201,7.265345,0,0,7.265345,13.646166,0,13.646166,7.643856,"Neutro"
0,9.380822,15.488625,0,0,0,0,18.346606,0,0,6.107803,9.965784,0,0,0,0,"Tristeza"
11.84278,7.506353,19.349133,0,4.878321,0,0,7.965784,4.878321,0,0,7.965784,0,0,0,0,"Tristeza"
0,0,0,0,16.761644,0,16.761644,8.380822,0,0,0,8.380822,16.761644,0,16.761644,0,"Alegria"
27.727428,0,37.693212,0,0,7.265345,0,13.423774,8.380822,7.265345,18.346606,13.423774,10.965784,0,10.965784,0,"Surpresa"
0,0,0,0,12.697949,0,8.158429,0,8.158429,0,8.158429,0,4.53952,0,0,0,"Neutro"
29.013732,0,29.013732,0,0,0,0,10.965784,9.965784,0,9.965784,10.965784,26.990462,0,26.990462,0,"Neutro"
9.965784,9.965784,19.931569,0,0,0,0,0,0,0,0,0,9.965784,0,9.965784,0,"Surpresa"
14.061204,0,14.061204,0,0,0,0,0,0,0,0,0,14.061204,0,14.061204,0,"Surpresa"
0,0,0,0,0,9.965784,0,17.472137,0,9.965784,0,20.931569,0,0,0,7.506353,"Surpresa"
0,19.60964,10.965784,0,0,0,0,0,0,19.60964,10.965784,0,0,0,0,0,"Tristeza"
14.012324,4.816037,10.862577,0,0,0,0,8.965784,0,0,0,8.965784,4.556393,0,4.556393,0,"Tristeza"
10.965784,0,21.931569,0,10.965784,0,0,10.965784,0,0,0,0,10.965784,0,0,10.965784,"Neutro"
7.158429,17.931569,32.248427,0,0,0,0,7.643856,0,0,7.158429,7.643856,7.158429,0,7.158429,0,"Neutro"
6.058894,10.965784,24.183107,0,0,0,0,0,0,0,0,0,6.058894,0,6.058894,0,"Neutro"
0,0,0,0,0,0,0,0,0,0,0,0,0,0,0,0,"Desgosto"
0,0,0,0,0,0,0,0,0,0,0,0,0,0,0,0,"Neutro"
8.965784,0,8.965784,0,0,0,0,0,0,0,0,0,8.965784,0,8.965784,0,"Tristeza"
26.253497,0,17.287712,0,8.158429,0,0,20.931569,0,0,0,20.931569,8.158429,0,0,0,"Desgosto"
0,0,5.717857,0,0,0,0,18.60964,0,0,0,18.60964,8.643856,0,8.643856,0,"Surpresa"
0,0,0,0,0,0,0,0,0,8.158429,0,8.158429,0,0,0,0,"Alegria"
9.380822,8.965784,18.346606,0,0,0,0,9.380822,6.380822,0,6.380822,9.380822,9.380822,8.965784,18.346606,0,"Surpresa"
0,0,21.931569,0,7.965784,0,7.965784,16.539251,0,0,10.965784,16.539251,7.965784,8.965784,7.965784,8.965784,"Desgosto"
0,17.60964,8.965784,0,0,0,0,7.643856,0,0,0,0,0,8.643856,0,7.643856,"Neutro"
8.965784,0,8.965784,0,9.380822,0,9.380822,0,0,0,0,8.643856,8.965784,0,14.844106,0,"Neutro"
21.112718,0,21.112718,0,0,0,0,5.756331,0,0,0,0,14.539251,0,14.539251,5.756331,"Tristeza"
0,0,10.965784,0,0,0,0,0,0,0,0,0,0,0,10.965784,0,"Neutro"
0,10.965784,10.965784,0,0,0,0,0,0,0,0,0,10.965784,0,10.965784,0,"Neutro"
9.380822,0,9.380822,0,7.965784,0,0,0,0,0,0,0,35.47082,0,27.505035,0,"Surpresa"
0,20.346606,28.727428,0,0,0,0,8.643856,10.965784,0,10.965784,8.643856,0,0,0,0,"Neutro"
10.965784,10.965784,21.931569,0,4.53952,0,0,0,0,0,0,5.506353,22.223161,0,17.683641,0,"Surpresa"
0,0,0,0,8.643856,0,0,0,0,0,0,0,8.643856,0,0,0,"Surpresa"
16.761644,18.761644,35.523287,0,5.680382,9.380822,5.680382,16.024678,0,16.346606,0,22.990462,22.442026,0,22.442026,0,"Tristeza"
8.643856,0,8.643856,0,0,0,0,0,0,0,0,0,14.150209,0,20.02853,0,"Tristeza"
20.931569,0,20.931569,0,0,0,0,7.158429,6.380822,0,6.380822,7.158429,10.965784,10.965784,10.965784,0,"Alegria"
7.965784,0,7.965784,0,4.878321,0,0,18.761644,4.878321,6.573467,0,25.33511,7.965784,0,7.965784,0,"Neutro"
0,13.756643,13.756643,0,8.965784,0,8.965784,0,0,0,0,0,14.472137,0,14.472137,0,"Neutro"
7.506353,10.965784,10.965784,0,26.80989,0,21.931569,0,12.384674,0,0,0,29.196913,0,29.196913,7.795859,"Neutro"
0,0,0,0,0,0,0,10.761644,15.591719,0,15.591719,10.761644,0,0,0,0,"Tristeza"
18.761644,0,33.563929,0,9.965784,0,9.965784,9.380822,0,10.965784,14.802286,20.346606,18.761644,0,18.761644,0,"Neutro"
25.557503,0,36.523287,0,0,0,0,0,0,0,0,0,16.176681,0,27.142465,0,"Neutro"
5.293359,0,0,0,0,0,0,6.795859,0,0,0,6.795859,0,0,0,0,"Tristeza"
5.643856,0,5.643856,0,0,0,0,0,0,0,0,0,5.643856,0,5.643856,0,"Tristeza"
0,0,0,0,10.965784,0,10.965784,0,0,0,0,0,10.965784,0,10.965784,0,"Neutro"
8.380822,0,8.380822,0,0,0,0,0,0,0,0,0,8.380822,0,8.380822,0,"Neutro"
8.965784,9.965784,18.931569,0,0,0,0,0,0,0,0,0,8.965784,0,8.965784,0,"Alegria"
8.965784,19.931569,19.931569,8.965784,6.717857,0,6.717857,0,0,8.965784,0,8.965784,8.965784,0,8.965784,0,"Neutro"
0,10.965784,10.965784,0,6.265345,0,6.265345,0,0,0,0,0,15.378131,0,15.378131,0,"Medo"
5.680382,0,5.680382,0,0,0,0,0,0,0,0,0,5.680382,0,5.680382,0,"Desgosto"
15.646166,0,15.646166,0,0,0,0,0,0,0,0,0,15.646166,0,15.646166,0,"Surpresa"
0,0,0,0,4.53952,0,0,0,0,0,0,0,4.53952,0,0,0,"Alegria"
0,7.965784,7.965784,0,0,0,0,0,0,0,0,0,0,0,0,0,"Alegria"
0,0,21.931569,0,0,0,0,29.424865,0,0,0,0,0,0,0,21.044043,"Alegria"
8.965784,0,8.965784,0,0,0,0,14.400187,0,0,0,8.643856,14.472137,0,14.472137,5.756331,"Surpresa"
6.573467,10.965784,17.539251,0,0,7.265345,0,46.543519,0,7.265345,0,35.577735,4.556393,0,4.556393,0,"Surpresa"
0,0,0,0,0,0,0,16.761644,0,0,0,16.761644,0,0,0,0,"Neutro"
0,7.965784,7.965784,0,0,0,0,10.965784,0,0,0,10.965784,0,0,0,0,"Alegria"
20.946068,0,20.946068,0,10.965784,8.158429,10.965784,0,0,8.158429,0,0,5.643856,0,5.643856,0,"Desgosto"
8.316629,0,3.02327,0,0,0,0,19.346606,0,0,0,0,0,0,0,9.965784,"Tristeza"
3.02327,0,3.02327,0,0,0,0,15.954289,0,0,0,7.795859,4.556393,0,4.556393,8.158429,"Tristeza"
0,0,0,0,0,8.158429,0,19.124214,0,8.158429,0,19.124214,0,0,0,0,"Neutro"
10.965784,8.158429,19.124214,0,0,0,0,0,10.965784,28.505035,10.965784,28.505035,0,0,0,0,"Neutro"
7.058894,0,7.058894,0,0,0,0,7.265345,0,0,0,0,0,0,0,7.265345,"Surpresa"
0,0,5.717857,0,10.965784,0,0,25.365971,0,0,0,8.643856,10.965784,0,0,16.722115,"Tristeza"
27.575425,0,27.575425,0,8.643856,0,8.643856,0,0,0,0,0,39.570355,0,39.570355,0,"Desgosto"
5.680382,0,5.680382,0,14.844106,0,9.965784,0,4.878321,0,0,0,15.646166,0,15.646166,0,"Neutro"
0,5.717857,0,0,0,0,0,16.346606,0,15.683641,0,26.31239,0,0,0,0,"Tristeza"
36.47082,0,36.47082,0,9.965784,0,0,18.124214,0,0,0,0,37.47082,0,27.505035,18.124214,"Tristeza"
0,0,0,0,0,0,0,27.933879,0,0,0,20.668534,5.717857,0,5.717857,7.265345,"Desgosto"
9.380822,0,9.380822,0,0,0,0,0,0,0,0,0,6.717857,0,6.717857,0,"Surpresa"
0,0,0,0,0,0,0,10.965784,0,0,0,10.965784,0,0,0,9.965784,"Surpresa"
8.965784,0,8.965784,0,9.965784,0,9.965784,0,0,0,0,0,29.897353,0,29.897353,7.965784,"Surpresa"
0,0,0,0,0,0,0,24.228468,0,0,0,5.756331,0,0,0,18.472137,"Desgosto"
10.965784,7.643856,14.802286,0,0,0,0,0,0,0,0,0,0,0,0,0,"Neutro"
0,11.435714,0,0,0,0,0,0,0,11.435714,0,0,0,0,0,0,"Tristeza"
0,7.380822,7.380822,0,9.965784,0,9.965784,0,0,0,0,5.506353,0,0,0,7.965784,"Surpresa"
24.668534,5.717857,16.024678,0,0,0,0,0,0,5.717857,0,0,16.024678,0,16.024678,0,"Tristeza"
15.931569,0,15.931569,0,0,0,0,19.346606,0,21.931569,21.931569,10.965784,15.931569,0,15.931569,8.380822,"Desgosto"
8.380822,4.816037,13.196859,0,0,7.643856,0,7.643856,6.380822,9.965784,6.380822,0,8.380822,0,8.380822,0,"Neutro"
3.02327,7.643856,10.667126,0,0,0,0,0,0,0,0,0,0,0,0,0,"Tristeza"
5.92139,0,0,0,0,0,0,8.643856,0,0,0,8.643856,0,0,0,0,"Alegria"
10.965784,0,10.965784,0,0,0,0,0,0,0,0,0,10.965784,0,10.965784,0,"Neutro"
0,8.643856,0,0,0,0,0,7.965784,9.965784,0,9.965784,7.965784,0,8.643856,0,0,"Alegria"
16.761644,0,16.761644,0,6.878321,0,6.878321,0,0,0,0,0,23.639965,0,23.639965,0,"Neutro"
7.158429,7.965784,15.124214,0,8.643856,8.643856,8.643856,8.643856,0,8.643856,0,8.643856,15.802286,0,15.802286,0,"Neutro"
7.158429,8.380822,8.380822,0,0,0,0,0,0,0,0,0,14.539251,0,7.380822,0,"Neutro"
10.965784,0,10.965784,0,0,0,0,0,0,21.931569,0,21.931569,10.965784,0,10.965784,0,"Neutro"
0,8.643856,8.643856,0,16.539251,0,16.539251,10.965784,8.158429,0,8.158429,0,8.380822,0,8.380822,10.965784,"Alegria"
8.965784,0,8.965784,0,14.646166,0,14.646166,9.965784,0,0,0,0,23.611951,0,23.611951,0,"Desgosto"
6.380822,0,6.380822,0,0,0,0,0,0,0,0,21.931569,6.380822,0,6.380822,0,"Neutro"
9.965784,0,0,0,7.265345,0,7.265345,7.643856,0,0,0,7.643856,7.265345,0,7.265345,8.380822,"Neutro"
6.058894,0,6.058894,0,0,0,0,0,0,0,0,0,6.058894,0,6.058894,0,"Surpresa"
13.674181,0,0,0,0,0,0,15.346606,0,0,0,5.380822,14.316859,0,14.316859,9.965784,"Tristeza"
25.437921,0,36.403706,0,8.643856,0,8.643856,19.60964,10.965784,0,21.931569,10.965784,18.60964,0,18.60964,8.643856,"Surpresa"
10.965784,0,10.965784,0,0,0,0,6.506353,0,0,0,0,8.965784,0,8.965784,6.506353,"Medo"
0,0,0,0,8.380822,0,0,15.539251,0,0,0,7.158429,15.539251,0,7.158429,8.380822,"Medo"
31.300895,9.965784,41.266679,0,0,0,0,13.55219,15.761644,0,15.761644,7.795859,8.965784,0,8.965784,5.756331,"Neutro"
21.638258,0,21.638258,0,0,0,0,5.380822,15.591719,0,15.591719,5.380822,39.863137,0,39.863137,0,"Neutro"
0,0,0,0,0,0,0,0,0,0,7.965784,0,0,0,0,0,"Surpresa"
16.035975,0,16.035975,0,0,0,0,0,0,0,0,0,0,0,0,0,"Surpresa"
0,0,0,0,0,0,0,18.231129,0,0,0,10.965784,0,0,0,0,"Alegria"
0,0,0,0,5.680382,0,5.680382,9.965784,0,0,0,0,5.680382,0,5.680382,7.158429,"Medo"
0,0,0,0,0,10.965784,0,10.965784,0,10.965784,0,10.965784,8.643856,0,8.643856,0,"Neutro"
8.380822,0,14.488625,0,0,0,0,7.643856,0,0,6.107803,7.643856,8.380822,0,8.380822,0,"Neutro"
28.727428,0,28.727428,0,0,0,0,0,0,0,0,0,28.727428,0,28.727428,0,"Neutro"
7.158429,0,0,0,10.965784,0,10.965784,0,0,0,0,0,24.84207,0,17.683641,0,"Neutro"
14.86605,0,14.86605,0,7.265345,0,7.265345,0,0,0,0,0,16.231129,0,7.265345,8.965784,"Tristeza"
14.346606,16.259143,30.605749,0,10.219902,10.965784,5.680382,10.965784,7.965784,10.965784,7.965784,10.965784,10.219902,0,5.680382,0,"Tristeza"
3.02327,18.346606,12.404092,18.931569,0,0,0,0,0,0,0,0,0,8.965784,0,18.931569,"Desgosto"
0,7.795859,7.795859,0,27.142465,0,9.380822,17.761644,0,6.965784,0,6.965784,31.698859,0,13.937215,17.761644,"Desgosto"
0,0,0,0,6.573467,10.965784,6.573467,10.965784,0,0,0,0,6.573467,0,6.573467,0,"Neutro"
0,0,0,0,0,0,0,0,0,0,7.965784,0,0,0,0,0,"Alegria"
9.965784,4.816037,14.781821,0,0,0,0,7.965784,0,0,0,7.965784,0,0,0,0,"Tristeza"
0,0,0,0,0,7.265345,0,7.265345,0,0,0,0,15.098679,0,15.098679,0,"Neutro"
10.965784,8.380822,19.346606,0,0,0,0,0,10.965784,7.795859,10.965784,8.158429,0,0,0,0,"Neutro"
8.643856,0,0,0,0,10.965784,0,16.722115,0,0,0,0,8.643856,10.965784,0,16.722115,"Neutro"
6.506353,0,6.506353,0,0,0,0,0,0,0,0,0,0,0,0,0,"Tristeza"
7.965784,7.643856,15.60964,0,9.079039,0,0,0,0,0,0,0,17.044823,0,7.965784,0,"Tristeza"
5.680382,8.158429,28.369501,7.643856,9.380822,0,9.380822,0,0,0,9.965784,10.965784,5.680382,0,20.211071,7.643856,"Surpresa"
9.965784,0,9.965784,0,0,0,0,15.931569,0,0,0,15.931569,19.931569,0,19.931569,0,"Alegria"
29.31239,8.965784,29.31239,0,8.643856,0,8.643856,0,0,0,0,6.643856,28.990462,8.965784,37.956247,0,"Neutro"
6.573467,0,17.539251,10.965784,0,10.965784,0,24.557503,0,0,0,13.591719,6.573467,0,6.573467,10.965784,"Medo"
3.02327,8.158429,3.02327,0,17.60964,0,9.965784,14.802286,0,0,0,7.158429,7.643856,0,0,7.643856,"Alegria"
27.282643,7.643856,34.926499,0,0,0,0,0,8.158429,0,8.158429,0,10.965784,0,10.965784,0,"Desgosto"
0,0,0,0,0,0,0,0,0,0,0,0,9.965784,0,9.965784,9.380822,"Neutro"
0,0,0,0,9.380822,0,9.380822,0,0,0,0,0,18.024678,0,18.024678,0,"Alegria"
10.965784,8.965784,8.965784,0,0,0,0,25.102937,0,0,0,10.965784,0,8.965784,8.965784,14.137153,"Neutro"
0,4.816037,4.816037,0,0,0,0,14.802286,6.380822,0,6.380822,14.802286,0,0,0,0,"Tristeza"
9.234167,6.878321,16.112488,0,20.346606,0,10.965784,9.380822,0,0,0,0,37.523287,0,28.142465,9.380822,"Neutro"
6.058894,7.795859,13.854753,0,8.965784,0,8.965784,0,0,0,0,0,23.183107,0,23.183107,0,"Neutro"
15.302212,0,15.302212,0,0,15.287712,0,26.253497,0,0,0,10.965784,22.460641,15.287712,22.460641,15.287712,"Desgosto"
11.360764,10.965784,34.542155,0,0,0,0,16.931569,0,0,12.215607,8.965784,11.360764,0,11.360764,7.965784,"Neutro"
19.931569,8.965784,28.897353,0,8.643856,0,8.643856,5.083141,0,0,0,5.083141,28.575425,0,28.575425,0,"Neutro"
10.965784,9.965784,9.965784,0,21.931569,0,21.931569,0,0,0,0,0,0,0,0,0,"Tristeza"
0,18.231129,18.231129,0,0,0,0,5.756331,0,0,0,0,0,0,0,5.756331,"Neutro"
0,8.380822,0,0,0,0,0,0,0,0,0,0,8.965784,0,8.965784,0,"Neutro"
0,0,0,0,0,0,0,13.931569,0,0,0,13.931569,0,0,0,0,"Tristeza"
0,0,9.965784,0,8.643856,0,0,0,0,0,0,0,8.643856,0,19.60964,0,"Neutro"
18.124214,0,8.158429,0,0,8.380822,0,18.346606,8.158429,8.380822,8.158429,18.346606,0,0,0,0,"Neutro"
8.158429,0,8.158429,0,7.158429,0,7.158429,8.965784,0,0,0,8.965784,7.158429,0,7.158429,10.965784,"Alegria"
8.965784,0,29.897353,0,7.265345,0,7.265345,0,8.965784,0,8.965784,0,15.761644,0,26.727428,0,"Alegria"
7.965784,0,15.60964,0,8.643856,0,8.643856,8.380822,0,0,7.643856,8.380822,8.643856,0,8.643856,0,"Medo"
0,0,0,0,0,0,0,0,0,0,0,0,0,0,0,0,"Medo"
5.293359,0,0,0,0,17.287712,0,22.370854,0,8.643856,0,13.726997,0,8.643856,0,8.643856,"Tristeza"
0,0,0,0,0,0,0,16.761644,0,0,0,16.761644,0,0,0,0,"Desgosto"
0,0,0,0,0,0,0,15.346606,0,0,0,15.346606,4.556393,0,4.556393,0,"Neutro"
0,0,0,0,13.530689,10.965784,13.530689,19.931569,0,0,0,0,13.530689,10.965784,13.530689,10.965784,"Surpresa"
0,0,17.124214,0,8.158429,0,8.158429,17.60964,8.158429,0,18.124214,17.60964,16.683641,0,16.683641,0,"Neutro"
0,0,0,0,0,0,0,0,0,0,0,0,0,0,0,0,"Surpresa"
36.35893,0,36.35893,0,0,0,0,28.089998,0,0,0,28.089998,30.31239,0,30.31239,0,"Tristeza"
6.380822,20.180533,26.561355,0,4.53952,0,0,0,0,0,0,0,13.505304,0,8.965784,0,"Medo"
8.643856,0,8.643856,0,9.380822,0,9.380822,0,0,0,0,0,18.024678,0,18.024678,0,"Desgosto"
8.158429,8.158429,16.316859,0,0,0,0,7.506353,0,0,0,7.506353,8.158429,0,8.158429,0,"Desgosto"
13.439715,0,19.157572,0,9.965784,0,9.965784,0,0,0,0,0,16.346606,0,16.346606,0,"Alegria"
18.761644,18.761644,18.761644,18.761644,0,0,0,6.380822,0,0,0,6.380822,18.761644,0,18.761644,0,"Neutro"
0,0,0,0,8.965784,0,8.965784,0,0,0,0,0,8.965784,0,8.965784,0,"Neutro"
0,0,0,0,10.965784,0,10.965784,0,0,0,0,10.965784,10.965784,0,10.965784,0,"Neutro"
0,0,0,0,0,8.158429,0,23.750148,0,8.158429,0,23.750148,0,0,0,0,"Neutro"
0,0,0,0,0,0,10.965784,0,0,0,0,0,8.380822,0,8.380822,0,"Neutro"
0,0,12.683641,0,0,0,0,0,0,0,0,0,0,0,0,0,"Neutro"
0,0,0,0,15.505304,0,10.965784,15.346606,0,0,0,6.380822,21.011656,0,16.472137,8.965784,"Surpresa"
3.02327,9.965784,12.989054,0,0,0,0,9.965784,0,0,0,9.965784,0,0,0,0,"Tristeza"
23.639965,0,18.346606,0,0,0,0,0,0,0,0,0,18.346606,0,18.346606,0,"Neutro"
0,8.158429,8.158429,0,18.761644,0,18.761644,6.506353,10.965784,0,10.965784,0,7.795859,0,7.795859,17.472137,"Neutro"
17.176681,0,17.176681,0,0,0,0,0,0,0,0,0,0,0,0,0,"Alegria"
24.31239,0,24.31239,0,0,0,0,5.083141,22.31239,0,22.31239,5.083141,17.346606,0,17.346606,0,"Neutro"
12.117787,10.965784,12.117787,10.965784,24.389558,10.965784,13.423774,21.931569,30.897353,21.931569,19.931569,32.897353,25.541561,0,25.541561,0,"Neutro"
25.97849,0,10.965784,0,0,0,0,0,15.012705,0,0,0,10.965784,0,10.965784,0,"Neutro"
0,0,0,0,0,0,0,33.47082,0,0,0,22.505035,8.965784,0,0,8.965784,"Surpresa"
9.965784,0,9.965784,0,20.931569,0,10.965784,19.931569,9.965784,0,0,9.965784,9.965784,0,9.965784,9.965784,"Alegria"
9.965784,0,9.965784,0,6.265345,0,6.265345,16.124214,0,0,0,8.158429,6.265345,0,6.265345,7.965784,"Neutro"
7.158429,17.346606,32.663465,0,0,0,0,16.646166,0,0,0,9.380822,12.876286,0,18.754608,7.265345,"Neutro"
10.965784,0,10.965784,0,18.346606,0,18.346606,14.137153,0,0,0,0,20.931569,0,20.931569,5.756331,"Neutro"
10.965784,0,0,0,0,0,0,0,0,0,0,0,21.931569,0,10.965784,10.965784,"Neutro"
10.965784,7.380822,13.488625,0,10.965784,0,10.965784,10.965784,0,0,6.107803,10.965784,21.931569,0,10.965784,0,"Surpresa"
7.265345,9.380822,9.380822,0,0,0,0,0,10.965784,0,10.965784,0,15.646166,0,8.380822,0,"Tristeza"
0,0,6.965784,0,7.265345,0,7.265345,0,0,0,0,0,7.265345,0,7.265345,0,"Alegria"
0,10.965784,10.965784,0,9.079039,0,0,10.965784,0,0,0,0,15.796896,0,6.717857,10.965784,"Neutro"
0,8.158429,0,0,0,9.380822,0,9.380822,0,9.380822,0,9.380822,0,0,0,0,"Tristeza"
17.539251,14.646166,32.185417,0,0,0,0,13.024678,0,0,0,13.024678,0,0,0,0,"Neutro"
18.931569,10.965784,29.897353,0,0,16.231129,0,16.231129,0,16.231129,0,21.737482,9.965784,0,9.965784,0,"Surpresa"
20.931569,0,29.31239,0,20.931569,0,10.965784,20.931569,0,0,0,9.965784,20.931569,0,10.965784,10.965784,"Surpresa"
9.380822,4.816037,14.196859,0,0,0,0,9.965784,0,0,9.965784,9.965784,9.380822,0,9.380822,0,"Neutro"
0,0,0,0,15.505304,0,0,10.965784,0,0,0,0,24.14916,0,8.643856,10.965784,"Alegria"
23.498609,0,23.498609,0,0,0,0,18.931569,0,0,0,9.965784,9.380822,0,9.380822,0,"Desgosto"
0,0,5.717857,0,0,0,0,8.380822,0,0,0,0,0,0,0,8.380822,"Tristeza"
7.265345,18.346606,25.611951,0,0,0,0,5.083141,0,0,0,5.083141,7.265345,0,7.265345,0,"Neutro"
36.722358,5.92139,42.643749,0,0,0,0,14.439715,8.965784,0,8.965784,14.439715,27.756574,0,27.756574,0,"Desgosto"
6.506353,10.965784,17.472137,0,13.844106,0,8.965784,0,4.878321,0,0,0,19.931569,0,19.931569,0,"Neutro"
7.795859,10.965784,18.761644,0,5.680382,0,5.680382,7.265345,0,0,0,0,17.116096,10.965784,28.08188,0,"Neutro"
3.02327,18.60964,11.667126,9.965784,9.965784,0,0,0,0,16.931569,0,16.931569,9.965784,0,0,0,"Neutro"
8.965784,0,8.965784,0,0,0,0,9.965784,0,0,0,9.965784,8.965784,0,8.965784,0,"Neutro"
0,0,0,0,7.643856,0,0,16.60964,15.439715,0,7.795859,16.60964,0,0,0,0,"Tristeza"
0,0,0,0,4.53952,0,0,0,0,0,0,0,4.53952,0,0,0,"Surpresa"
9.380822,16.176681,25.557503,0,20.346606,0,20.346606,0,0,0,0,0,20.346606,0,20.346606,0,"Neutro"
0,0,0,0,0,0,0,29.897353,0,0,0,29.897353,0,0,0,0,"Neutro"
3.02327,9.965784,12.989054,0,0,0,0,0,0,0,0,0,0,0,0,0,"Neutro"
16.346606,11.459893,19.425678,0,8.158429,0,8.158429,8.965784,7.965784,0,7.965784,0,17.539251,0,17.539251,8.965784,"Desgosto"
27.089998,18.346606,45.436604,0,5.680382,0,5.680382,7.506353,0,9.965784,0,17.472137,12.838811,0,12.838811,0,"Tristeza"
0,0,0,0,0,0,0,15.287712,0,0,0,15.287712,0,0,0,0,"Alegria"
8.380822,0,8.380822,0,0,0,0,20.346606,8.380822,0,8.380822,20.346606,0,0,0,0,"Tristeza"
27.142465,0,27.142465,0,0,0,0,0,0,0,0,0,17.761644,0,17.761644,0,"Desgosto"
0,7.380822,7.380822,0,0,0,0,5.083141,0,0,0,11.463963,0,0,0,10.965784,"Surpresa"
0,0,0,0,0,7.643856,0,7.643856,0,0,0,0,0,7.643856,5.878321,7.643856,"Desgosto"
15.346606,0,15.346606,0,7.643856,9.965784,0,17.60964,0,0,0,0,22.990462,9.965784,15.346606,17.60964,"Alegria"
0,10.965784,10.965784,0,0,19.931569,0,36.653684,0,10.965784,0,21.931569,0,19.931569,0,25.687899,"Neutro"
0,0,0,0,0,0,0,0,0,0,0,0,7.158429,10.965784,7.158429,10.965784,"Desgosto"
9.965784,0,0,0,0,6.380822,0,14.024678,0,0,0,7.643856,0,6.380822,0,6.380822,"Surpresa"
0,7.965784,7.965784,0,0,0,0,0,0,0,0,0,0,0,0,0,"Neutro"
5.680382,7.795859,13.476241,0,0,0,0,5.756331,0,0,0,0,5.680382,0,5.680382,5.756331,"Desgosto"
0,0,0,0,4.53952,0,0,0,0,0,0,0,4.53952,0,0,7.158429,"Medo"
17.910444,0,17.910444,0,12.522178,0,0,7.643856,4.878321,0,0,0,16.60964,0,8.965784,7.643856,"Surpresa"
6.058894,0,6.058894,0,10.965784,0,0,19.60964,0,0,0,8.643856,17.024678,0,6.058894,10.965784,"Neutro"
27.142465,0,27.142465,0,0,0,0,9.380822,0,0,0,9.380822,9.965784,0,9.965784,0,"Neutro"
0,10.965784,10.965784,0,0,0,0,0,0,0,0,0,0,0,0,0,"Neutro"
5.293359,0,0,0,8.965784,0,8.965784,0,0,9.380822,0,9.380822,14.472137,0,14.472137,0,"Tristeza"
21.369876,0,21.369876,0,0,10.965784,0,21.931569,0,19.931569,0,30.897353,18.346606,0,18.346606,0,"Alegria"
12.421794,0,12.421794,0,0,9.965784,0,20.931569,0,9.965784,0,29.089998,0,10.965784,0,10.965784,"Neutro"
6.210897,7.965784,14.176681,0,4.53952,0,0,13.931569,0,0,0,13.931569,4.53952,0,0,0,"Tristeza"
13.989054,0,3.02327,0,21.931569,10.965784,21.931569,32.897353,0,10.965784,0,32.897353,0,0,0,0,"Neutro"
10.965784,0,0,0,10.965784,0,10.965784,6.380822,0,0,0,17.346606,10.965784,0,10.965784,0,"Neutro"
10.965784,8.965784,19.931569,0,9.380822,0,0,0,0,0,0,0,0,8.965784,17.346606,0,"Tristeza"
0,5.717857,0,0,28.575425,9.965784,10.965784,27.575425,8.965784,5.717857,0,8.965784,19.60964,9.965784,10.965784,18.60964,"Surpresa"
0,0,0,0,0,0,0,0,0,0,0,0,32.324463,0,32.324463,9.965784,"Neutro"
0,0,0,0,10.965784,0,10.965784,0,0,0,0,0,0,0,0,0,"Neutro"
9.380822,0,0,0,0,0,0,10.965784,0,0,0,0,9.380822,0,0,10.965784,"Neutro"
6.210897,0,6.210897,0,4.878321,0,0,8.380822,4.878321,0,0,8.380822,6.210897,0,6.210897,0,"Neutro"
0,0,0,0,0,0,0,0,0,7.795859,0,0,0,0,0,0,"Neutro"
0,0,6.107803,0,0,0,0,0,0,0,6.107803,0,0,0,0,0,"Neutro"
0,0,0,0,0,0,0,0,9.965784,0,9.965784,0,0,0,0,0,"Neutro"
0,8.158429,19.124214,0,4.878321,0,0,0,4.878321,0,0,0,0,0,10.965784,0,"Neutro"
22.309575,0,15.591719,0,0,8.158429,0,21.931569,0,8.158429,0,28.575425,15.591719,0,15.591719,0,"Neutro"
5.680382,0,11.398239,0,14.324238,0,14.324238,0,0,0,0,0,20.00462,0,20.00462,0,"Tristeza"
0,0,0,0,15.844106,0,10.965784,7.643856,4.878321,0,0,7.643856,10.965784,0,10.965784,0,"Neutro"
0,0,0,0,10.965784,0,10.965784,0,0,0,0,0,10.965784,0,10.965784,0,"Neutro"
9.965784,8.643856,18.60964,0,0,0,0,10.965784,0,0,0,10.965784,9.965784,0,9.965784,0,"Neutro"
0,19.931569,20.931569,0,21.931569,0,21.931569,0,0,0,0,6.380822,10.965784,0,20.931569,0,"Alegria"
18.346606,0,18.346606,0,17.844106,0,17.844106,0,9.965784,0,9.965784,0,26.224928,0,26.224928,0,"Neutro"
8.158429,0,8.158429,0,0,0,0,0,6.380822,0,6.380822,0,8.158429,0,8.158429,0,"Neutro"
18.761644,15.954289,34.715932,0,0,8.158429,0,0,0,8.158429,0,0,18.761644,0,18.761644,0,"Neutro"
5.92139,6.643856,18.283103,0,0,10.965784,10.965784,0,0,0,0,0,0,0,0,0,"Tristeza"
7.158429,17.287712,24.446142,0,0,0,0,0,0,0,0,0,14.423774,0,14.423774,0,"Neutro"
6.965784,0,6.965784,0,10.965784,0,10.965784,30.859268,0,0,0,19.346606,17.931569,0,17.931569,11.512662,"Neutro"
6.717857,0,0,0,4.878321,0,0,0,4.878321,0,0,0,0,0,0,0,"Neutro"
31.31239,0,31.31239,0,0,0,0,21.931569,0,0,0,10.965784,31.31239,0,31.31239,10.965784,"Neutro"
0,8.643856,14.361713,0,0,0,0,17.931569,0,0,0,17.931569,0,0,0,0,"Tristeza"
0,7.380822,7.380822,0,10.965784,0,10.965784,0,0,0,0,0,10.965784,0,10.965784,0,"Neutro"
14.324238,0,14.324238,0,18.60964,0,18.60964,0,0,0,0,0,33.933879,0,33.933879,0,"Alegria"
45.01514,6.795859,51.811,0,25.496473,0,10.965784,14.530689,14.530689,0,0,14.530689,29.879431,0,29.879431,0,"Neutro"
22.142465,0,22.142465,0,14.530689,0,0,14.530689,14.530689,0,0,14.530689,22.142465,0,22.142465,0,"Neutro"
6.573467,0,6.573467,0,0,0,0,18.124214,0,0,0,18.124214,6.573467,0,6.573467,0,"Alegria"
0,0,0,0,0,0,0,10.965784,0,0,0,0,0,0,0,0,"Medo"
21.254399,0,13.989054,0,0,0,0,0,0,0,0,0,7.265345,0,0,0,"Tristeza"
13.089218,0,7.795859,0,10.965784,0,0,0,0,0,0,0,24.267996,0,13.302212,0,"Tristeza"
11.287712,0,11.287712,0,15.591719,0,15.591719,0,0,0,0,0,26.879431,0,26.879431,0,"Tristeza"
0,20.931569,27.039372,0,0,0,0,0,0,0,6.107803,0,7.380822,0,7.380822,0,"Neutro"
8.643856,8.380822,17.024678,0,7.265345,0,0,7.265345,7.265345,0,0,7.265345,13.20025,0,13.20025,0,"Neutro"
0,0,0,0,21.931569,0,10.965784,21.931569,10.965784,0,0,21.931569,21.931569,0,21.931569,0,"Neutro"
13.259143,10.965784,18.931569,0,0,0,0,0,0,0,0,0,7.965784,0,7.965784,0,"Tristeza"
