"ecstasy","joy","serenity","pensiveness","sadness","grief","vigilance","anticipation","interest","distraction","surprise","amazement","rage","anger","annoyance","apprehension","fear","terror","admiration","trust","acceptance","boredom","disgust","loathing","class"
0,0.66,0,-0.04,0,0,0,0,0,-0.03,0,-0.82,0,0,0.03,0,0,0,0.91,0,0,-0.07,0,0,"Neutro"
0.87,0,0.12,-0.05,0,0,0,0,0.97,0,0,-0.88,0,0,0,-0.46,0,0,0,0.6,0.92,0,0,0,"Alegria"
0.93,0,0.02,-0.08,0,0,0.85,0,0.32,0,0,0,0,0,0.02,-0.24,0,0,0.97,0,0.37,0,0,0,"Alegria"
1.58,0,0.03,0,0,-1.77,0,0,0.33,-0.05,-0.58,0,1.57,0,0.06,-0.22,0,0,0.95,0,0.36,0,-0.53,-0.84,"Tristeza"
0,1.09,0.21,0,0,0,0,0,0.29,0,-0.6,-0.68,0.73,0,0,-0.15,0,0,1.76,0,0.31,0,0,-0.92,"Surpresa"
0.93,0,0,-0.07,0,0,0.85,0,0.76,0,0,0,0,0,0,-0.41,0,0,0.97,0,0.74,0,0,-0.86,"Tristeza"
0,0,0.21,0,0,-0.97,0,0,0.27,-0.07,0,0,0.68,0,0.02,-0.11,0,0,0,0,0.26,0,0,-0.96,"Neutro"
0.93,0,0.15,-0.24,-0.62,0,0.85,0,0.36,-0.25,0,0,0.86,0,0,-0.34,0,0,0.97,0.42,0.51,0,0,-0.99,"Neutro"
0,0,0,-0.22,0,0,0,0,0.62,0,0,0,0,0,0.07,-0.4,0,0,0.82,0,0.4,-0.36,0,0,"Tristeza"
1.63,0,0,-0.1,0,-0.76,0.93,0,0.22,-0.06,0,-0.94,0,0,0,-0.15,-0.64,0,1.8,0,0.19,-0.19,0,0,"Surpresa"
0.86,0,0,-0.04,0,0,0,0.34,0.19,0,0,-0.93,0,0,0,-0.24,0,0,0,0.58,0.68,0,0,0,"Surpresa"
0,0,0.1,0,0,0,0,0,0.25,-0.06,0,0,0,0,0,-0.06,0,0,0,0,0.15,0,0,0,"Surpresa"
0,0,0.08,-0.23,0,0,0,0,0.11,-0.06,0,0,0,0,0.04,-0.15,0,0,0,0,0.21,-0.16,0,0,"Neutro"
0,0.66,0.1,0,0,-0.87,0,0,0.1,0,-0.64,0,0.89,0,0,-0.08,0,0,0,0.63,0,0,0,-0.72,"Surpresa"
0,0,0.2,0,-0.52,-0.81,0.88,0,0.24,-0.05,0,0,1.64,0,0,-0.2,0,0,0,0.34,0.05,0,0,-1.82,"Surpresa"
0.93,0.5,0,-0.17,0,0,0,0.45,0.79,0,-0.66,0,0,0,0,-0.6,0,0,0,0.65,1.05,0,0,0,"Alegria"
0.85,0,0.17,0,-0.47,0,0,0.39,0,-0.15,-0.55,0,0,0,0.15,-0.17,0,0,0,0.54,0.06,-0.44,0,0,"Neutro"
0.89,0,0,0,0,0,0.72,0,0,-0.05,0,0,0,0,0,0,0,0,0.92,0,0.05,0,0,0,"Medo"
0,0.63,0,-0.14,0,-1.43,0,0,0.27,0,0,-0.88,1.69,0,0.02,-0.15,0,0,0.78,0,0.26,0,-0.55,-0.83,"Neutro"
0,0,0.09,-0.12,0,-0.89,0,0,0.18,0,0,0,0.94,0,0,-0.13,0,0,0,0,0.11,0,0,0,"Medo"
0,0,0.06,-0.14,0,0,0,0,0.42,0,0,0,0,0,0.02,-0.28,0,0,0,0.35,0.18,0,0,0,"Medo"
0.93,0,0.06,-0.06,0,-0.99,0.85,0,0.21,0,0,0,0,0,0,-0.1,0,-0.8,0.97,0,0.25,0,0,0,"Tristeza"
0,0,0,-0.04,0,0,0,0,0.32,0,0,0,0,0,0,-0.06,0,0,0,0,0.16,0,0,0,"Surpresa"
0,0.63,0.29,0,-0.53,0,0,0,0.29,-0.13,0,-0.88,0.8,0,0.03,-0.2,0,0,0.78,0,0.3,0,0,-0.73,"Tristeza"
0,0,0.14,0,-0.55,-0.91,0,0,0.28,0,0,0,0.96,0,0.04,-0.11,0,-0.73,0,0,0.25,0,0,-1.72,"Tristeza"
0,0,0.2,0,0,0,0,0.35,0.16,-0.06,0,0,0,0,0.16,-0.2,0,0,0,0.38,0.29,0,0,0,"Neutro"
0.77,0,0,0,0,0,0.71,0,0.55,-0.05,0,0,0,0,0.08,-0.25,0,0,0.96,0.42,0.43,0,0,0,"Neutro"
0.93,0,0.13,0,0,0,0.85,0.56,0.16,-0.1,0,0,0,0,0,-0.15,-0.34,0,0.97,0,0.42,0,0,0,"Tristeza"
0.88,0,0.04,0,0,0,0,0,0.22,0,-0.59,0,0,0,0,-0.1,0,-0.75,0,0.53,0.07,0,0,-0.75,"Alegria"
0,0,0.07,-0.07,0,0,0,0,0.13,-0.11,0,0,0,0,0.07,-0.06,0,0,0,0,0.12,-0.16,0,0,"Neutro"
0,0,0,0,0,-0.96,0,0,0,0,0,0,0,0,0,0,0,0,0,0,0.08,0,0,-0.72,"Surpresa"
0.84,0.66,0.09,-0.15,0,-0.76,0,0,0.28,0,-0.61,0,0,0.59,0,-0.16,0,0,0.69,0,0.42,-0.05,0,-0.72,"Medo"
2.52,0,0.08,-0.25,0,0,0,0,0.45,-0.01,0,-2.61,0,0,0.04,-0.19,0,0,2.57,0,0.21,0,0,0,"Neutro"
0,0,0.21,0,0,0,0,0,0.19,0,0,0,0,0,0.02,-0.38,0,0,0,0,0.31,-0.08,0,0,"Neutro"
0.93,0,0.03,-0.12,0,0,1.56,0,0,-0.17,0,0,0,0,0,-0.08,0,0,1.9,0,0,-0.22,0,0,"Alegria"
0.75,0,0,0,0,-0.89,0,0,0.6,-0.05,0,0,0.94,0,0,-0.4,0,0,0.86,0,0.29,0,0,0,"Medo"
0,0.65,0.27,0,0,0,0,0,0.23,-0.05,-0.59,0,0,0,0,0,0,0,0.77,0,0.2,0,0,0,"Neutro"
0,0,0.04,0,0,0,0,0,0,0,0,0,0.96,0,0,-0.08,0,0,0,0,0,-0.06,0,-0.81,"Medo"
0.85,0,0.06,-0.07,0,-0.89,0,0,0.45,0,-0.55,0,0.94,0,0.07,-0.17,0,0,0,0.54,0.36,0,0,-0.88,"Neutro"
0,0,0.04,-0.04,0,0,0,0,0.37,0,0,0,0,0,0.06,-0.28,0,0,0,0,0.35,-0.03,0,0,"Medo"
0.88,0,0,-0.13,0,0,0,0,0.26,-0.08,-0.59,0,0.82,0,0,-0.11,0,0,0,0.53,0.15,-0.07,0,-1.65,"Medo"
0,0,0.06,-0.07,0,0,0,0,0.26,0,0,0,0,0,0,-0.16,0,0,0,0,0.24,0,0,0,"Alegria"
1.93,0,0.04,0,0,0,1.57,0,0.13,0,0,0,0,0,0,-0.08,0,0,1.74,0,0.1,0,0,0,"Surpresa"
0,0,0,-0.03,0,-0.7,0,0,0.09,0,0,0,0,0.52,0,0,0,0,0,0,0.2,0,0,-0.94,"Neutro"
0.82,0.61,0.03,-0.03,-0.57,-0.97,0,0,0.34,0,-0.53,-0.84,1.42,0,0,-0.21,0,0,1.63,0,0.33,0,0,-1.74,"Medo"
0.72,0,0.09,-0.04,-0.62,-0.87,0,0,0.31,0,-0.63,0,0.89,0.66,0,-0.15,0,-0.87,0.9,0,0.37,-0.08,0,-1.66,"Alegria"
0.94,0,0,0,0,0,0,0,0,0,0,0,0,0,0,0,0,0,0,0,0,0,0,0,"Surpresa"
1.81,0,0,0,0,-0.86,0,0,0.12,0,0,-1.65,0.9,0,0,0,0,0,0.91,0.58,0,0,0,-0.81,"Medo"
0,0,0.23,-0.2,0,-0.83,0,0,0.66,0,0,0,0,0,0,-0.49,-0.39,0,0,0.34,0.17,-0.11,0,0,"Surpresa"
0.78,0,0.14,0,-0.65,0,0,0,0,-0.13,0,0,0.94,0,0,-0.06,0,0,0,0,0,-0.06,0,-0.85,"Tristeza"
0.77,0.57,0.12,-0.17,0,-0.77,0,0,0.5,-0.05,-1.27,-0.8,0,0.58,0.04,-0.11,0,0,1.55,0.37,0.28,-0.12,0,-0.78,"Surpresa"
0,0,0,-0.19,0,-0.91,0,0,0,0,0,0,0.93,0,0,-0.14,0,0,0,0,0,-0.16,0,-0.72,"Medo"
1.85,0,0,0,0,-0.94,0.8,0,0,0,-0.59,-0.75,0,0,0.02,0,0,-0.7,0,0.53,0,-0.06,0,0,"Medo"
0,0,0.24,0,0,-1.74,0,0,0.53,-0.15,0,0,0,0,0.14,-0.14,-0.39,-0.72,0,0,0.29,-0.38,0,-0.9,"Neutro"
0.72,0.64,0,-0.12,0,0,0,0.64,0.12,0,-0.51,0,0,0,0,-0.59,0,0,0,0.65,0.47,0,0,0,"Surpresa"
0,0,0.1,-0.04,0,0,0,0,0.65,-0.02,-0.66,0,0,0,0.05,-0.31,0,0,0,0.36,0.3,-0.07,0,0,"Medo"
0,0.59,0.04,-0.05,-0.53,0,0,0.65,0.08,0,0,0,0.68,0,0.05,-0.39,0,0,0,0,0.43,0,0,-0.73,"Neutro"
0.85,0,0,0,-0.64,0,0,0,0,0,0,-0.7,0.68,0,0,0,0,0,0.91,0,0,0,0,-0.72,"Tristeza"
0,0.63,0.19,0,0,0,0,0,0.14,0,0,-0.97,0,0,0.02,-0.08,0,0,0.68,0,0.21,0,0,0,"Neutro"
0,0,0.06,-0.18,0,0,0,0,0.82,0,0,0,0,0,0,-0.54,0,0,0,0.44,0.37,0,0,0,"Alegria"
0.96,0,0.04,-0.17,0,-0.85,0.92,0,0.2,0,0,0,0.78,0,0.03,-0.18,0,0,0.9,0,0.64,0,0,-0.9,"Surpresa"
0.89,0,0.18,-0.07,0,-0.98,0.88,0,0.28,-0.15,0,0,0,0,0.2,-0.17,0,0,0,0,0.28,-0.27,0,-0.92,"Neutro"
0,0,0.03,-0.33,0,0,0,0,0.6,-0.08,0,0,0,0,0,-0.41,0,0,0,0,0.47,-0.09,0,0,"Neutro"
0,0,0.1,0,0,-1.91,0,0,0.28,0,0,0,0.69,0.58,0,-0.07,0,0,0,0,0.34,0,-1.19,0,"Neutro"
0.94,0,0.08,0,-1.8,-0.85,0,0.38,0,-0.03,0,0,2.6,0,0.05,-0.22,0,0,0,0,0.05,-0.16,0,-2.73,"Desgosto"
1.65,0,0.04,-0.08,0,-0.89,0.85,0,0.38,-0.06,-0.51,0,0.69,0,0.01,-0.47,0,0,0.97,0.65,0.44,-0.15,0,-0.84,"Alegria"
0,0,0.05,-0.07,0,-0.83,0.71,0,0.56,-0.05,0,0,0.9,0,0,-0.16,0,0,0.93,0,0.43,0,0,-0.67,"Tristeza"
1.63,0.61,0,0,0,0,1.79,0,0,0,-0.53,0,0,0,0,0,0,0,2.62,0,0,0,0,0,"Tristeza"
2.42,0,0.13,0,0,0,0,0,0.33,0,0,-1.67,0,0,0,-0.08,0,0,0.87,0.66,0.28,0,0,0,"Tristeza"
0,0,0,-0.08,-0.6,-0.77,0,0,0.69,0,0,0,0.99,0,0,-0.05,-0.45,0,0,0,0.15,-0.05,0,-0.95,"Neutro"
0.94,0,0.04,0,-0.47,-1.88,0,0.39,0.18,0,0,-0.79,0.91,0,0.04,-0.17,0,-0.73,0,0.57,0.13,-0.17,0,-1.95,"Tristeza"
1,0,0.04,-0.26,-1,0,1,0.41,0.71,-0.02,0,0,0.73,0,0.11,-0.69,0,0,0,0.36,0.28,-0.31,0,-0.93,"Tristeza"
0,0,0.06,-0.03,0,-0.96,0,0,0.5,-0.14,0,0,0,0,0.32,-0.22,0,0,0,0,0.31,0,0,-0.95,"Neutro"
0,0,0.06,-0.14,0,0,0,0,0.35,0,0,0,0,0,0.07,-0.12,0,0,0,0.34,0.2,0,0,0,"Neutro"
0,0,0.26,-0.2,0,0,0,0.35,0,-0.04,0,0,0,0,0,-0.24,0,0,0,0,0.32,-0.24,0,0,"Neutro"
0.73,0,0.05,0,0,-1.58,0.77,0,0.31,0,0,0,0.86,0.52,0,-0.31,0,0,0.84,0,0.16,0,0,-1.74,"Tristeza"
0,0,0.16,-0.16,0,0,0,0,0.26,-0.07,0,0,0,0,0,-0.12,0,0,0,0,0.27,-0.21,0,0,"Neutro"
0,0,0.09,0,0,-0.72,0,0,0.36,0,0,0,0.94,0,0.02,-0.09,0,-0.89,0,0,0,0,0,-0.81,"Alegria"
0,0.61,0.49,0,0,-0.89,0,0.95,0.36,0,0,0,0.94,0,0,-0.83,0,0,0,0.74,0.5,0,0,0,"Neutro"
2.65,0,0.1,0,-0.62,0,0.98,0,0.44,-0.05,0,-1.74,1,0,0,-0.18,0,0,2.5,0,0.54,0,0,-0.68,"Neutro"
1.81,0,0.1,-0.09,0,0,1.56,0,0.8,-0.03,0,0,0,0,0.14,-0.33,0,0,2.71,0,0.71,0,0,0,"Neutro"
0.78,0,0.16,0,0,0,0,0,0.47,0,0,0,0,0,0.03,-0.23,0,0,0,0,0.59,0,0,0,"Neutro"
0.69,0,0,0,0,0,0,0,0,0,-0.58,0,0,0,0,0,0,0,0,0.63,0.08,0,0,0,"Neutro"
0.87,0,0,-0.44,0,0,0.82,0,0.71,-0.05,0,0,0,0,0.04,-0.48,0,0,0.72,0,0.31,-0.27,0,0,"Neutro"
0,0.5,0.13,-0.06,0,0,0,0,0.33,0,0,0,0,0,0.02,-0.11,0,0,0.68,0,0.42,-0.05,0,0,"Neutro"
0,0.61,0.05,-0.14,0,0,0,0,0.25,0,0,-0.74,0,0,0.02,-0.1,0,0,0.72,0,0.28,0,0,0,"Neutro"
0,0.47,0.06,-0.19,-0.52,-1.74,0,0.81,0.49,0,0,0,2.6,0.63,0.01,-0.71,0,0,0,0.37,0.31,-0.2,-0.64,-2.75,"Neutro"
0.93,0,0.07,0,0,0,0.85,0,0.12,0,0,0,0,0,0,-0.15,0,0,0.97,0,0.25,0,0,0,"Neutro"
1.52,0,0,-0.22,0,0,0,0,0.07,0,-1.09,0,0,0,0.02,-0.06,0,0,0.95,0.65,0,0,0,-0.77,"Neutro"
0,0,0,-0.29,0,0,0.71,0,0,0,0,0,0,0,0,-0.24,0,0,0,0,0,-0.13,0,0,"Tristeza"
1.67,0,0,-0.1,0,0,0,0,0.28,-0.08,-0.51,-0.73,0,0,0.05,-0.15,0,0,0.78,0.65,0.22,-0.09,0,0,"Neutro"
0,0,0.04,-0.05,0,-0.7,0,0,0,0,0,0,0.73,0.52,0.03,-0.07,0,0,0.7,0,0.09,-0.05,0,-1.73,"Tristeza"
0.78,0,0.12,0,0,0,0,0,0.43,0,0,0,0,0,0.07,-0.15,0,0,0,0,0.57,0,0,0,"Tristeza"
0.8,0,0,0,0,0,0,0,0.16,0,0,0,0,0,0,-0.07,0,0,0.91,0,0.06,0,0,0,"Neutro"
0.9,0,0,-0.09,0,0,0,0,0.28,0,-0.51,0,0,0,0,-0.2,0,-0.75,1.81,0,0.33,0,0,-0.75,"Alegria"
0,0,0,-0.2,0,-0.89,0,0,0.14,-0.05,0,0,0.94,0,0,-0.28,0,0,0,0,0.19,0,0,0,"Neutro"
0,0,0,-0.24,0,-0.71,0,0,0.46,0,0,0,0,0.6,0.01,-0.25,0,0,0,0,0.32,0,0,-0.86,"Tristeza"
0.89,0,0.04,-0.03,0,-0.93,0,0,0.37,0,0,0,0.69,0,0.03,-0.18,0,0,0,0,0.43,0,-0.63,0,"Neutro"
0,0.56,0,-0.15,0,0,0,0,0.17,0,0,-0.7,0,0,0,-0.28,0,0,0.88,0,0.17,-0.05,0,0,"Neutro"
0,0,0.17,0,0,0,0,0,0.68,0,0,0,0,0,0.03,-0.39,0,0,0,0,0.89,0,0,0,"Neutro"
0.75,0,0.02,-0.14,-0.45,-0.89,0,0.41,0.57,0,-0.6,0,0.94,0,0.02,-0.32,0,0,0,0.63,0.4,-0.18,0,0,"Neutro"
1,0,0,-0.15,0,0,0.72,0,0.09,0,0,0,0,0,0,-0.17,0,0,0.77,0,0.17,-0.24,0,0,"Neutro"
0.72,0.47,0.06,0,0,-0.99,0,0.77,0.18,0,-0.51,0,0,0,0,-0.53,0,-0.8,0,1.02,0.67,0,0,0,"Medo"
0,0,0.07,-0.12,0,0,0,0,0.38,-0.06,0,0,0,0,0.12,-0.2,0,0,0,0,0.71,0,0,-0.98,"Desgosto"
0,0,0.16,-0.03,0,-0.98,0,0.35,0.16,0,0,0,0,0,0.02,-0.2,0,-0.82,0,0.38,0.15,-0.04,0,-0.95,"Surpresa"
0,0,0.05,-0.29,0,0,0,0,0.32,-0.04,0,0,0.89,0,0.09,-0.26,0,0,0,0,0.32,-0.09,0,-0.7,"Medo"
0.88,0,0.06,-0.04,0,-0.72,0,0,0.34,0,-1.19,0,0,0,0,-0.21,0,-0.89,0,0.92,0.29,0,0,0,"Alegria"
2.85,0,0.22,-0.04,0,0,0.85,0,0.52,-0.25,-0.66,0,0,0,0.09,-0.56,0,0,0.97,1.58,0.49,0,0,0,"Neutro"
0.7,0,0,0,0,-0.77,0.94,0,0,0,0,0,0.76,0,0,0,0,0,0.72,0,0,0,0,-0.86,"Neutro"
0.72,0,0,0,0,0,0,0,0,-0.05,-0.51,0,0,0,0,0,0,0,0,0.65,0.05,0,0,0,"Desgosto"
0,0,0.15,0,0,-0.78,0,0,0.36,0,0,0,0,0.58,0,0,0,0,0,0,0.34,0,0,-0.87,"Alegria"
0,0,0,-0.17,0,0,0,0,0.45,0,0,0,1.66,0,0,-0.24,0,0,0,0,0.39,0,0,-0.68,"Desgosto"
0.86,0.53,0,0,0,0,0,0,0.14,0,0,-1.66,0,0,0,-0.06,0,0,1.67,0,0.06,0,0,0,"Desgosto"
0.88,0,0.08,-0.03,0,-0.98,0,0,0.3,-0.07,-0.59,0,0,0,0.07,-0.16,0,0,0,0.53,0.28,-0.05,0,-0.94,"Neutro"
0,0,0,-0.52,0,0,0,0,0.23,0,0,0,0,0,0.02,-0.57,0,0,0,0,0.11,0,0,0,"Surpresa"
0.97,0.57,0,-0.14,0,-0.88,0,0,0.07,0,0,-0.72,0.86,0,0.02,0,0,0,0.97,0.52,0,0,0,-0.8,"Desgosto"
0,0,0.06,0,0,-0.89,0,0,0.08,0,0,0,0.93,0,0,0,0,0,0,0,0.24,0,-0.56,0,"Medo"
0.86,0,0.1,-0.11,0,0,0.84,0,0.53,0,0,0,0,0,0,-0.62,0,0,0,0,0.58,0,0,0,"Surpresa"
0.72,0,0,0,-0.47,-0.77,0,0.39,0,0,-0.51,0,0,0,0,-0.17,0,-0.74,0,0.65,0,-0.17,0,-0.72,"Desgosto"
0,0,0,-0.32,0,0,0,0,0.12,0,0,0,0.73,0,0,-0.32,0,0,0,0,0.07,-0.13,0,-0.76,"Tristeza"
0,0,0,0,0,0,0,0,0.15,0,0,0,0,0,0,-0.18,0,0,0,0,0.2,0,0,0,"Neutro"
0.95,0,0.04,0,-0.64,-0.73,0,0,0,-0.12,0,-0.73,1.74,0,0,0,0,0,0.78,0,0.05,-0.04,0,-2.49,"Tristeza"
0,0,0.13,-0.25,0,-0.99,0,0,0.49,0,0,0,0,0,0.01,-0.39,0,-0.8,0,0,0.46,0,0,0,"Tristeza"
0,0,0.13,0,0,-1.88,0,0,0.39,0,0,0,0,0.65,0.02,-0.22,0,-0.8,0,0,0.41,0,-0.51,-0.74,"Neutro"
2.4,0.57,0,0,0,0,1.47,0,0.37,0,-0.58,0,0,0,0,-0.36,-0.34,0,2.53,0.87,0.26,0,0,0,"Medo"
0,0,0.14,-0.15,0,0,0,0,0.14,0,0,0,0,0,0.01,-0.3,0,0,0,0,0.1,-0.15,0,0,"Neutro"
0,0,0.02,0,0,0,0,0,0.16,0,0,0,0.98,0,0.07,0,0,0,0,0,0.18,0,0,-0.89,"Neutro"
0,0,0,-0.1,0,-0.97,0,0,0.46,0,0,0,0.7,0,0,-0.17,0,0,0,0,0.41,-0.1,0,-0.96,"Tristeza"
1.86,0,0.28,-0.03,0,-0.91,1.59,0.41,0.5,0,0,0,0.85,0,0,-0.57,0,0,1.85,0.45,0.4,-0.09,0,-0.77,"Neutro"
1.74,0,0.07,-0.14,0,-0.92,0,0,0.21,0,-1.11,0,0.86,0,0.07,-0.05,0,0,0,1.23,0.34,0,0,-0.9,"Neutro"
0.84,0,0.22,0,0,-1.9,0,0.61,0.43,0,0,-0.94,0,0.54,0,-0.67,0,0,0.95,0,0.58,0,-0.55,-0.93,"Tristeza"
0,1.03,0,0,-0.38,-0.85,0,0.39,0.42,-0.05,-0.59,0,0.78,0,0,-0.22,-0.73,0,0.77,0,0.64,0,0,-0.9,"Neutro"
0.79,0.59,0.03,-0.31,0,0,0.87,0.65,0.91,-0.01,0,0,0.97,0,0.02,-0.86,0,0,0,0,1.27,-0.04,0,-0.91,"Neutro"
0,0,0.06,0,0,0,0,0,0.38,0,0,0,0,0,0,-0.07,0,0,0,0,0.24,0,0,0,"Tristeza"
0.93,0,0.51,-0.06,-0.44,-0.77,0.85,0,0.35,-0.17,0,0,0,0,0.01,-0.22,0,-0.74,0.97,0,0.59,-0.07,-0.41,-0.72,"Raiva"
0,0,0,0,-0.46,-1.69,0,0.41,0.12,0,0,0,0.7,0,0,-0.38,0,-0.8,0,0,0.3,-0.18,0,-0.72,"Tristeza"
0,0.66,0.1,0,0,0,0,0,0,-0.03,0,-0.82,0,0,0,0,0,0,0.95,0,0,-0.03,0,0,"Neutro"
0.88,0,0.09,0,-0.52,-0.7,0,0,0.22,-0.01,-0.59,0,0.78,0.52,0,-0.28,0,-0.75,0,0.53,0.32,0,0,-2.67,"Neutro"
0,0,0.07,-0.04,0,0,0,0,0.99,0,0,0,0,0,0,-0.7,0,0,0,0.76,0.38,0,0,0,"Neutro"
0.78,0,0,0,0,0,0.8,0,0,-0.08,0,0,0,0,0,0,0,0,0.83,0,0,0,0,0,"Neutro"
1.71,0,0.04,-0.05,0,0,0.85,0,0.12,-0.05,0,0,0,0,0,-0.05,0,0,1.68,0,0.13,0,0,0,"Tristeza"
0.91,0,0.4,-0.06,0,-0.91,0,0.35,0.32,-0.1,0,-0.84,0,0,0.11,-0.68,0,-0.73,0.82,0,0.91,-0.1,0,-0.99,"Medo"
0,0,0,0,-0.57,-1.7,0,0,0.16,0,0,0,1.45,0,0,-0.1,0,-1.93,0,0,0.23,0,0,-4.02,"Medo"
0.83,0,0.03,0,0,0,0,0,0.11,-0.05,0,0,0,0,0,-0.07,0,0,0,0,0.05,0,0,0,"Medo"
1.7,0,0.06,0,0,0,1.66,0,0.08,0,0,0,0,0,0,-0.08,0,0,1.7,0,0.24,0,0,-0.86,"Tristeza"
0.99,0,0.15,-0.11,0,0,0,0,0.62,-0.13,0,0,0,0,0,-0.36,0,0,0.98,0,0.63,-0.05,0,0,"Neutro"
0.93,0,0.22,-0.12,0,-0.72,0.85,0,0.16,-0.04,0,0,0.88,0,0,-0.13,0,0,0.97,0,0.22,-0.25,0,-0.76,"Neutro"
2.63,0,0.07,0,-1.12,0,1.72,0,0.46,0,0,0,1.4,0,0.01,0,0,0,1.76,0,0.42,0,0,-1.76,"Surpresa"
0,0,0,-0.2,0,0,0,0,0.21,-0.02,0,0,0.73,0,0.02,-0.38,0,0,0,0,0.08,-0.15,0,-0.76,"Surpresa"
0.86,0,0,-0.06,0,0,0,0,0.22,0,0,-0.79,0,0,0,-0.23,0,0,0.93,0,0.4,0,0,0,"Medo"
0.75,0,0,0,0,0,0,0,0.29,0,-0.6,0,0,0,0,-0.1,0,0,0,0.63,0.41,0,0,0,"Neutro"
0,0,0,0,-0.52,0,0,0,0,-0.05,0,0,0.78,0,0,0,0,0,0,0,0.05,0,0,-0.98,"Surpresa"
1.77,0.96,0,0,0,0,0.72,0.39,0,0,-0.62,0,1.52,0,0,-0.22,0,-0.75,1.66,0.6,0.2,0,0,-1.67,"Alegria"
1.63,0.61,0.42,0,0,0,0.79,0.46,0.08,-0.08,-0.53,-0.8,0.94,0,0.04,-0.09,-0.35,0,2.67,0.44,0.23,0,0,-0.81,"Neutro"
0,0,0.1,0,-0.63,0,0,0,0,-0.03,0,0,0.83,0,0,0,0,-0.71,0,0,0,-0.03,0,-1.51,"Alegria"
0.79,0,0.12,0,0,-0.92,0.87,0,0.28,0,0,0,0.86,0,0,-0.11,0,0,0,0,0.33,0,0,-0.9,"Neutro"
0.83,0.49,0,-0.03,0,0,0.67,0,0.12,0,0,0,0,0,0,-0.34,0,0,0,0,0.33,-0.1,0,0,"Surpresa"
0.73,0,0,0,-0.64,-0.88,0.77,0,0.17,0,0,0,1.55,0,0,-0.09,0,0,0.84,0,0.09,0,0,-1.47,"Tristeza"
0.73,0,0.04,0,0,-0.77,0,0,0,0,-0.57,0,0.76,0,0,0,0,0,0,0.62,0.07,0,0,-0.86,"Tristeza"
0,0,0.04,-0.13,-0.64,0,0,0,0.18,-0.06,0,0,0,0.61,0,0,0,0,0,0,0.21,-0.13,0,-0.85,"Alegria"
2.74,0,0.06,0,0,0,0,0,0.42,0,-0.58,0,0,0,0.07,-0.12,0,0,2.89,0,0.37,0,0,0,"Medo"
0.93,0,0.06,0,0,0,0.85,0,0.14,0,0,0,0,0,0,0,0,0,0.97,0,0,0,0,-0.86,"Tristeza"
2.4,0,0,0,-0.6,-0.98,0.93,0,0.2,0,-1.18,0,0.99,0,0,-0.13,0,-0.82,0.72,0.63,0.19,0,0,-1.9,"Neutro"
0.93,0,0.1,0,0,0,0.85,0,0.4,-0.05,0,0,0,0,0,-0.1,0,0,0.97,0,0.48,0,0,0,"Tristeza"
0,0,0.05,-0.07,0,-0.91,0,0,0,0,0,0,0,0.65,0.04,-0.1,0,0,0,0,0.11,-0.19,0,0,"Tristeza"
0.97,0,0.03,-0.04,0,0,0.8,0,0.38,0,0,0,0,0,0.03,-0.15,0,0,1.59,0,0.49,0,0,0,"Tristeza"
0,0,0.03,-0.41,0,-1.54,0,0.34,0.07,-0.06,0,0,1.85,0,0.08,-0.35,0,0,0,0,0.39,-0.22,-1.11,0,"Alegria"
0.85,0,0.33,-0.12,0,0,0,0,0.84,-0.05,-1.15,0,0,0,0.02,-0.26,0,0,0,0.54,0.87,-0.17,0,0,"Alegria"
0,0,0.08,-0.16,0,0,0,0,0.8,0,0,0,0,0,0,-0.42,0,0,0,0,0.86,0,0,0,"Tristeza"
0.8,0,0,0,0,-0.89,0,0,0,0,0,-0.98,0.94,0,0,0,0,0,0,0.51,0,0,0,0,"Medo"
0.85,0,0,-0.03,0,0,0,0,0.47,0,0,-0.7,0,0,0,-0.17,0,0,0.91,0,0.45,0,0,0,"Medo"
0,0,0.08,-0.04,0,-0.73,0,0,0.44,0,0,0,0.92,0,0,-0.41,0,0,0,0,0.44,0,-0.55,0,"Surpresa"
0.8,0.63,0.15,-0.05,0,0,0,0,0.81,0,-1.18,0,0,0,0,-0.18,0,0,1.72,0,0.71,0,0,0,"Medo"
0,0,0.11,0,0,0,0,0,0.63,0,0,0,0.73,0,0.03,-0.18,0,0,0,0,0.56,0,0,-0.76,"Tristeza"
0.99,0,0.33,-0.09,0,-0.85,0.95,0,0.61,-0.02,0,0,0.78,0,0.02,-0.07,0,0,0,0,0.52,-0.03,0,-0.9,"Surpresa"
0,0,0,-0.03,0,0,0,0,0.37,0,0,0,0,0,0,-0.12,0,0,0,0,0.17,0,0,0,"Neutro"
0.71,0,0.39,-0.28,0,0,0,0,0.45,-0.01,0,-0.94,0,0.63,0.02,0,0,0,0,0.62,0.15,0,-0.64,0,"Medo"
0.94,0,0.08,0,0,0,0,0,0.24,0,0,0,0,0,0,0,0,0,0,0,0.33,0,0,0,"Medo"
0.93,0,0,-0.02,0,0,0.85,0,0,-0.05,0,0,0,0,0,0,0,0,0.97,0,0.07,0,0,0,"Tristeza"
0,0,0.06,0,0,-2.65,0,0,0.13,0,0,0,1.67,0,0,-0.14,0,0,0,0,0.09,0,0,-1.8,"Neutro"
0,0.62,0.23,0,0,0,0,0,0.4,0,-0.66,-0.92,0,0,0,-0.17,0,0,0.77,0.37,0.29,0,0,0,"Tristeza"
2.32,0.56,0,-0.04,0,-0.78,0,0,0.44,-0.05,-0.58,-1.67,0,0.66,0,-0.2,0,-0.98,2.6,0,0.28,0,0,-1.85,"Neutro"
0,0,0,0,0,-0.96,0,0,0.3,-0.02,0,0,0,0,0.26,-0.22,0,0,0,0,0.31,-0.12,0,-0.95,"Neutro"
0,0,0.12,0,0,-0.91,0,0,0.34,0,0,0,0,0,0,-0.24,0,-0.73,0,0,0.54,0,0,-0.99,"Surpresa"
0,0,0.13,0,0,0,0,0,0.4,0,0,0,0.73,0,0,0,0,0,0,0,0.35,0,0,-0.92,"Surpresa"
0.92,0,0.14,0,-0.5,0,0,0.38,0,-0.03,0,-0.85,0,0,0,-0.2,0,0,0.78,0,0.07,-0.22,0,0,"Neutro"
0,0,0.13,-0.23,0,-0.96,0,0.61,0.45,0,0,0,0.71,0,0.03,-0.45,0,-0.71,0,0,0.54,-0.09,0,-1.65,"Alegria"
0,0,0.12,-0.07,0,0,0,0,0.34,-0.06,0,0,0,0,0,-0.06,0,0,0,0,0.2,0,0,0,"Tristeza"
0,0.66,0,-0.04,0,0,0,0,0.09,0,0,-0.82,0,0,0.02,-0.12,0,0,0.91,0,0.48,0,0,0,"Alegria"
0,0,0.05,0,0,0,0,0,0.09,0,0,0,0,0,0,0,0,0,0,0,0.14,0,0,0,"Neutro"
0,0,0.04,0,0,0,0,0,0.13,0,0,0,0,0,0,0,0,0,0,0,0.06,0,0,0,"Neutro"
0.99,0,0.03,0,0,-0.85,0,0,0.25,0,0,-0.99,0,0,0,-0.06,0,-0.82,0,0.59,0.15,0,0,0,"Neutro"
0,0,0.21,-0.02,0,0,0,0,0.37,-0.05,0,0,0,0,0,-0.09,0,0,0,0,0.45,0,0,0,"Medo"
0.84,0,0.14,0,0,-0.79,0,0.35,0,0,0,0,0.73,0.62,0,-0.2,0,0,0,0.38,0,0,-0.5,-0.92,"Surpresa"
0,0.61,0,-0.08,0,0,0,0,0.29,0,-0.53,0,0,0,0,-0.05,0,0,0.93,0,0.15,0,0,0,"Neutro"
0,0,0.39,-0.02,0,-0.7,0,0.34,0.27,0,0,0,0,0.52,0,-0.39,0,0,0,0,0.69,0,0,-0.94,"Tristeza"
0,0,0,0,0,0,0,0,0,0,0,0,0,0,0,0,0,0,0,0,0,0,0,0,"Desgosto"
0,0,0,0,0,0,0,0,0,0,0,0,0.95,0,0,0,0,0,0,0,0,0,0,-0.96,"Neutro"
0.78,0.66,0,-0.24,0,-0.99,0,0,0.19,0,0,-0.88,0.8,0,0,-0.26,0,0,0,0.63,0.11,-0.09,0,-0.67,"Medo"
0.99,0.38,0.08,-0.08,0,-1.82,0,0.39,0.44,0,0,-0.91,1.5,0,0,-0.22,0,0,0.88,0,0.66,0,-0.52,-0.92,"Surpresa"
1.65,0,0,-0.15,-0.57,0,0.85,0,0.14,0,-0.51,0,0.72,0,0,-0.3,0,0,0.97,0.65,0.26,-0.15,0,-0.78,"Tristeza"
0.93,0.59,0,-0.08,0,0,0.85,0,0.22,-0.09,0,-0.82,0,0,0.03,-0.13,0,0,0.97,0.57,0.06,-0.15,0,0,"Surpresa"
0,0.62,0.09,0,-0.6,-0.77,0,0,0.56,-0.06,0,-0.92,0.99,0,0,-0.07,-0.45,0,0.77,0,0.06,-0.05,0,-0.95,"Tristeza"
0,0,0.06,-0.1,0,0,0,0,0.58,0,0,0,0,0,0,-0.54,0,0,0,0.35,0.33,-0.05,0,0,"Tristeza"
0.77,0,0.27,-0.55,0,0,0.81,0,0.62,0,0,0,0,0.63,0,-0.42,0,0,0.73,0,0.5,-0.09,-0.64,0,"Medo"
0.91,0,0.16,-0.03,0,0,0,0,0.29,0,0,-0.84,0,0,0,-0.1,0,0,0.82,0,0.3,-0.04,0,0,"Neutro"
2.66,0,0,-0.07,0,0,1.6,0,0.17,0,0,0,0,0,0,-0.17,0,0,1.62,0,0.28,0,0,0,"Tristeza"
0.94,0,0.26,0,0,-0.91,0,0.35,0,0,-0.58,0,0,0.65,0,-0.24,0,0,0,0.54,0.32,-0.1,0,0,"Surpresa"
0.89,0,0,-0.06,0,-1.8,0,0,0.23,0,0,0,0,0,0.28,-0.19,0,-0.99,0,0,0.09,0,0,-1.6,"Surpresa"
0,0,0.03,-0.06,0,0,0,0.34,0.27,0,0,0,0,0,0.01,-0.46,0,0,0,0,0.69,0,0,0,"Alegria"
0.79,0.65,0.12,-0.19,0,0,0.87,0,0.19,0,-0.61,0,0.95,0,0,-0.25,0,0,0.71,0,0.18,-0.16,0,-0.96,"Neutro"
0,0,0,-0.15,0,0,0,0,0.24,-0.03,0,0,0,0,0.03,-0.22,0,0,0,0,0.28,-0.07,0,0,"Surpresa"
0,0,0.05,-0.11,0,-1.7,0,0,0.5,0,0,0,0,0.64,0,-0.46,0,0,0,0.38,0.13,-0.13,0,-1.53,"Neutro"
0,0,0.15,0,0,0,0,0,0.49,0,0,0,0,0,0,-0.16,0,0,0,0,0.39,0,0,0,"Alegria"
0.93,0,0.03,0,0,0,0.85,0,0.07,-0.05,0,0,0,0,0,0,0,0,0.97,0,0.05,0,0,0,"Tristeza"
0,0,0,0,0,-0.91,0,0,0,0,0,0,0,0.65,0,0,0,0,0,0,0.07,0,0,0,"Neutro"
0.77,0,0,-0.14,0,-0.7,0.81,0,0,0,0,0,0,0.52,0,-0.17,0,0,0.73,0,0,-0.09,0,-0.94,"Medo"
0.98,0,0.04,0,-0.51,0,0,0,0.34,-0.05,0,-0.67,0,0,0,-0.31,0,0,0.68,0,0.11,-0.09,0,0,"Medo"
1.74,0.47,0.06,0,0,-1.61,0.8,0.42,0,-0.13,0,0,0,0.52,0.28,-0.32,0,0,0.83,1.02,0,0,0,-0.94,"Medo"
0,0,0.12,0,-0.45,-0.74,0,0.42,0.07,-0.07,0,0,0.73,0.64,0,-0.39,0,0,0,0,0.1,-0.17,0,-2.47,"Surpresa"
0.7,0,0,-0.11,0,-0.92,0,0,0.19,0,-0.65,0,0,0,0,-0.06,0,0,0.79,0,0.06,0,0,-0.93,"Surpresa"
1.85,0,0.31,0,0,0,0,0,0.67,-0.1,0,0,0,0,0.15,-0.23,0,0,0,0,0.82,-0.1,0,0,"Surpresa"
0.97,0,0.07,-0.17,0,-0.77,0,0,0.38,0,0,0,1.46,0,0.02,-0.29,0,-0.74,0.88,0.39,0.2,0,0,-1.4,"Neutro"
0,0,0.03,-0.14,0,-0.92,0,0,0.17,-0.02,0,0,0,0,0.02,-0.13,0,0,0,0,0.18,0,0,-0.93,"Neutro"
0.79,0,0,-0.15,0,-0.89,0.87,0,0.09,0,0,0,0.94,0,0,-0.3,0,0,0,0,0.15,-0.15,0,0,"Neutro"
0.95,0.63,0.05,-0.03,0,-0.69,0,0.34,0.24,0,-0.6,-0.73,0,0.61,0.01,-0.36,0,0,1.55,0,0.52,0,-0.6,0,"Neutro"
0,0,0,-0.06,0,0,0,0,0.14,0,0,0,0.97,0,0.01,-0.07,0,0,0,0,0.26,-0.06,0,-0.91,"Tristeza"
0,0,0.04,-0.05,0,0,0,0,0.28,0,0,0,0,0,0.04,-0.09,0,0,0,0,0.3,0,0,0,"Alegria"
0,0,0.06,-0.04,0,-0.91,0,0.62,0,-0.03,0,0,0,0,0.03,-0.31,0,-0.73,0,0,0.14,-0.07,0,-0.99,"Desgosto"
0,0,0,0,-0.4,-0.91,0,0.54,0,0,0,0,0,0.65,0,-0.29,0,0,0,0,0,0,0,0,"Tristeza"
0.93,0,0.04,0,0,0,0.85,0,0.47,-0.05,0,0,0.73,0,0,-0.43,0,0,0.97,0.37,0.15,0,0,-0.92,"Neutro"
1,0,0.05,0,0,-0.72,0.72,0,0.38,0,0,0,0.88,0,0,-0.23,0,0,0.77,0,0.37,0,0,-0.76,"Neutro"
0,0.52,0.04,-0.17,0,0,0,0,0,-0.01,0,-0.86,0.69,0,0.03,-0.05,0,0,0.73,0,0.09,-0.19,0,-0.68,"Desgosto"
0,0,0.14,0,0,-0.73,0,0,0.08,-0.02,0,0,0.92,0,0.02,0,0,0,0,0,0,-0.06,-0.55,0,"Surpresa"
0,0.61,0.27,0,0,-0.89,0,0,0.35,0,-0.53,0,0.94,0,0,-0.07,0,0,0.93,0,0.36,0,0,0,"Neutro"
0.93,0.57,0.08,-0.04,0,0,0.85,0,0.18,0,0,-0.8,0,0,0,-0.11,0,0,1.77,0,0.23,0,0,0,"Surpresa"
0,0,0.09,0,0,0,0,0,0.26,0,0,0,0,0,0,-0.18,0,0,0,0,0.31,0,0,0,"Neutro"
0,0,0.03,0,0,0,0,0,0.23,-0.07,0,0,0,0,0,-0.2,0,0,0,0,0.35,0,0,0,"Surpresa"
0.93,0.52,0.07,-0.07,0,0,0.85,0,0.65,-0.17,0,-0.67,0,0,0.05,-0.43,0,0,0.97,0.94,0.48,-0.32,0,-0.86,"Surpresa"
0,0.62,0,0,0,-0.77,0,0,0.28,0,0,-0.92,0,0,0,0,-0.45,0,0.77,0,0,-0.05,0,0,"Neutro"
0.96,0.63,0,-0.06,0,-1.62,0,0,0.08,0,-0.6,-0.93,0.87,0,0,-0.06,0,-0.74,1.59,0.58,0.07,-0.05,0,-1.67,"Neutro"
0.89,0,0.02,0,0,0,0,0,0,-0.1,0,-0.95,0,0,0.01,-0.1,0,0,0.91,0,0,0,0,0,"Desgosto"
0,0,0.15,0,0,-0.8,0,0,0.45,-0.19,0,0,0.72,0,0,-0.28,0,0,0.88,0.35,0.54,0,0,-0.71,"Desgosto"
0,0,0.05,0,0,0,0,0,0.31,0,0,0,0.73,0,0,-0.4,0,-0.94,0,0,0.38,0,0,-1.69,"Neutro"
0,0,0,-0.24,0,-0.71,0,0,0.34,0,0,0,0,0.6,0.11,-0.25,0,0,0,0,0.47,0,0,-0.86,"Neutro"
0,0,0,-0.08,0,0,0,0,0.62,0,0,0,0,0,0,-0.33,0,0,0,0.37,0.15,0,0,0,"Neutro"
0,0.58,0.1,-0.09,-0.64,0,0,0,0.43,0,-0.62,0,0,0.5,0,-0.19,0,0,0,0.6,0.28,0,0,-0.74,"Tristeza"
0,0,0.15,0,0,0,0,0,0.49,-0.1,0,0,0,0,0.11,-0.52,0,0,0.82,0.4,0.24,-0.1,0,0,"Neutro"
0,0,0.17,0,0,0,0,0,0.33,0,0,0,0,0,0,-0.17,0,0,0,0,0.32,0,0,0,"Neutro"
0,0,0.18,0,0,-0.76,0,0,0.5,-0.13,0,0,0,0,0.03,-0.15,-0.64,0,0,0,0.67,0,0,0,"Desgosto"
0,0.63,0.09,0,0,0,0,0.65,0.2,0,0,0,0,0,0,-0.33,0,0,0,0,0.41,0,0,0,"Tristeza"
1.77,0,0,0,0,0,1.59,0,0.08,0,-0.59,0,0,0,0,-0.09,0,0,0,0.53,0,-0.12,0,0,"Neutro"
0,0,0.07,-0.11,0,-0.89,0,0,0.79,0,0,0,0.94,0,0,-0.6,0,0,0,0,0.34,0,0,0,"Surpresa"
0,0,0.33,-0.17,0,-0.7,0,0,0.65,0,0,0,0,1.18,0.05,-0.17,0,0,0,0.35,0.26,0,-0.66,-0.94,"Surpresa"
0.72,0,0.03,0,0,0,0,0,0.24,0,-0.63,0,0,0,0,-0.06,0,0,0.9,0,0.15,0,0,0,"Alegria"
0,0,0.27,-0.11,0,-0.89,0,0,0.53,-0.14,0,0,0.93,0,0.02,-0.56,0,0,0,0.34,0.45,0,-0.56,0,"Alegria"
0.86,0,0,0,0,0,0.82,0,0.28,-0.02,0,0,0,0,0,-0.12,0,0,0.71,0,0.37,0,0,0,"Neutro"
0.72,0,0.26,0,0,-0.85,0,0,0.51,0,-0.51,0,0.78,0,0.01,-0.48,0,0,0,1.34,0.13,0,0,-0.9,"Neutro"
0.79,0,0,0,-0.52,0,0.87,0,0.1,0,0,0,1.7,0,0,0,0,0,0,0,0.12,0,0,-1.84,"Tristeza"
0,0,0,0,-0.52,-0.71,0,0,0,0,-0.37,0,0.73,0,0.19,0,0,0,0,0,0,-0.31,0,-0.93,"Surpresa"
1.6,0,0,-0.28,0,0,0,0,0.09,0,-1.16,0,0,0,0,-0.42,0,0,1.9,0,0,-0.25,0,0,"Neutro"
0,0.58,0,-0.11,0,0,0,0,0.16,0,-0.62,0,0,0,0,-0.31,0,0,0,0.6,0.11,-0.07,0,0,"Alegria"
0,0,0.27,-0.24,0,-0.75,0,0,0.51,-0.04,0,0,1.41,0,0,-0.09,0,0,0,0,0.39,-0.24,-0.6,-0.92,"Surpresa"
0.85,0,0.04,-0.03,0,0,0,0,0.28,-0.07,0,-0.7,0.97,0,0.07,-0.2,0,0,0.91,0,0.32,-0.05,0,-0.73,"Neutro"
2.52,0,0.02,-0.14,0,-1.68,1.67,0,0.63,-0.05,-0.63,0,0.91,0,0,-0.32,-0.4,0,2.59,0,0.47,-0.17,0,-0.96,"Medo"
0.86,0,0.03,-0.06,0,-0.96,0,0,0.37,-0.07,-0.55,0,0,0,0,-0.54,0,-0.81,0.99,0.65,0.71,0,0,-0.86,"Surpresa"
0,0,0.2,0,-0.47,0,0,0.39,0.64,-0.09,0,0,0,0,0,-0.61,0,0,0,0,0.63,-0.17,0,0,"Neutro"
2.33,0,0.26,-0.06,0,0,0.71,0.35,0,0,-0.54,0,0,0,0,-0.47,0,0,1.72,0,0.32,-0.07,0,0,"Alegria"
0.94,0,0.03,-0.14,0,-0.74,0,0,0.34,0,-0.58,0,0.69,0.64,0,-0.25,0,0,0,0.54,0.26,-0.22,-0.66,-0.75,"Neutro"
0,0,0,-0.15,0,-0.91,0,0,0.23,0,0,0,1.66,0,0,-0.5,0,0,0,0.38,0,-0.15,0,-1.48,"Alegria"
0,0,0,-0.45,0,-3.63,0,0,0.36,-0.35,0,-0.75,0.74,0.52,0.19,-0.29,0,-0.7,0,0,0.2,-0.36,0,-2.65,"Medo"
0,1.26,0.06,0,0,0,0,0,0.27,0,-0.53,-0.87,0,0,0,-0.28,0,0,0.93,0.95,0,0,0,0,"Medo"
0,0,0,-0.07,0,0,0,0,0.26,0,0,0,0,0,0,-0.06,0,0,0,0,0.06,0,0,0,"Surpresa"
0,0,0.03,-0.1,0,0,0,0,0.6,0,0,0,0,0,0,-0.25,0,0,0,0,0.29,0,0,0,"Medo"
0.82,1.13,0,-0.16,0,0,0.68,0.63,0,-0.07,0,0,0,0,0,-0.6,0,0,0.75,0,0.59,-0.21,0,0,"Neutro"
0.93,0.53,0.06,-0.08,0,-0.83,0.85,0,0.18,0,0,-0.71,0.9,0,0.07,0,0,0,0.97,0.61,0.18,-0.26,0,-0.67,"Tristeza"
0.78,0,0,0,0,-0.83,0,0,0.3,0,0,-0.8,0.9,0,0,-0.2,0,0,0.95,0,0.12,0,0,-0.67,"Medo"
3.28,1.2,0.33,-0.1,0,0,0.94,0.35,0.64,-0.07,-1.13,-1.68,0,0,0.12,-0.35,0,0,2.31,1.04,0.86,-0.05,0,0,"Surpresa"
0,0,0.32,-0.11,0,0,0,0.46,0.51,-0.07,0,0,0,0,0.05,-0.19,-0.35,-0.94,0,0.44,0.47,0,0,-0.77,"Medo"
0.97,0,0,-0.49,-0.62,0,0.8,0,0.31,-0.06,0,0,0,0.66,0,-0.36,0,0,0,0,0.21,-0.21,0,-0.96,"Alegria"
0,0,0.35,-0.06,0,0,0,0,0.43,-0.03,0,0,0,0,0.05,0,0,0,0,0,0.31,0,0,0,"Medo"
0,0,0.16,0,0,-2.49,0,0,0.18,-0.05,0,0,1,0.65,0.07,0,0,-0.8,0.96,0,0.21,0,0,-1.7,"Medo"
0,0,0.16,0,0,0,0,0,0.63,-0.06,0,0,0,0,0,-0.25,0,0,0,0,0.62,-0.13,0,0,"Tristeza"
0,0,0.04,0,0,0,0,0,0.14,-0.02,0,0,0,0,0.04,-0.1,0,0,0,0,0.07,-0.05,0,0,"Surpresa"
0,0,0.25,-0.13,0,0,0,0,0.41,-0.09,0,0,0,0,0.07,-0.41,0,0,0,0.34,0.16,-0.36,0,0,"Tristeza"
0,0,0.03,-0.07,0,0,0,0,0.4,-0.1,0,0,0,0,0.17,-0.25,0,0,0,0,0.34,-0.13,0,0,"Medo"
0.78,0,0.04,-0.06,0,0,0.8,0,0.54,0,0,0,0,0,0.04,-0.35,0,0,0.83,0,0.53,-0.06,0,0,"Surpresa"
0,0,0.17,0,0,0,0,0,0.46,-0.05,0,0,0,0,0,-0.21,0,0,0,0.43,0.22,0,0,0,"Alegria"
1.79,0,0,-0.29,0,0,0.85,0.34,0,-0.03,0,-0.79,0,0,0,-0.29,0,0,2.81,0,0.25,-0.29,0,0,"Surpresa"
0,0,0,0,0,-0.91,0,0,0,0,0,0,0,0.65,0,0,0,0,0,0,0,0,0,0,"Medo"
0.82,0,0.06,-0.12,0,-1.88,0,0,0.79,-0.05,0,0,1.61,0,0.04,-0.43,0,0,0.75,0.42,0.4,-0.08,0,-0.93,"Neutro"
0,0,0.09,-0.04,0,-0.91,0,0.34,0.19,-0.08,0,0,0,0,0.28,-0.13,0,0,0,0,0.43,0,0,0,"Tristeza"
0,0,0.03,-0.04,0,-0.99,0,0,0.4,0,0,0,0.87,0,0,-0.11,0,-0.8,0,0,0.38,0,0,-0.95,"Tristeza"
0,0,0.03,-0.03,0,0,0,0,0.29,0,0,0,0,0,0,-0.08,0,0,0,0,0.16,0,0,0,"Desgosto"
0,0,0,-0.06,0,-0.93,0,0,0.28,0,0,0,0.72,0,0,-0.13,0,0,0,0,0.18,0,0,-0.98,"Surpresa"
0.93,0.59,0.02,-0.05,0,0,0.85,0.65,0.16,-0.07,0,0,0,0,0.14,-0.34,0,0,0.97,0,0.46,-0.17,0,0,"Surpresa"
0,0,0,-0.35,0,0,0.71,0,0.19,-0.1,0,0,0,0,0,-0.24,0,0,0.93,0,0.15,-0.32,0,0,"Neutro"
1.78,0,0,0,0,-0.89,0,0,0.07,0,-0.55,-0.84,1.65,0,0,0,0,-0.74,0.83,0.54,0.09,0,0,-1.64,"Neutro"
0,0,0.14,-0.08,0,0,0,0,0.17,-0.1,0,0,0,0,0.19,-0.08,0,0,0,0,0,-0.36,0,0,"Tristeza"
0.89,0,0.34,0,0,0,0.88,0.38,0.2,0,0,0,0,0,0,-0.36,0,0,0,0,0.51,0,0,0,"Neutro"
1.76,0,0.05,0,-0.52,0,0,0,0.33,-0.05,-0.59,-0.96,1.7,0,0,-0.18,0,0,1.68,0.53,0.4,0,0,-1.84,"Medo"
0.97,0,0.04,0,0,0,0.8,0.34,0,0,0,0,0,0,0,-0.09,0,0,0,0,0.32,0,0,0,"Tristeza"
0.72,0,0.09,0,-0.46,0,0,0.39,0.11,-0.1,0,0,0,0,0.11,-0.2,0,0,0.88,0,0.11,-0.28,0,0,"Medo"
2.7,0,0.15,-0.08,0,0,1.78,0,0.57,-0.06,0,-0.67,0,0,0.04,-0.49,0,0,2.5,0,0.35,0,0,0,"Surpresa"
0.82,0,0.05,-0.17,-0.45,-0.91,0,0.39,0.51,-0.02,0,0,0,0,0,-0.38,0,-0.73,0.82,0,0.46,-0.31,0,-0.99,"Surpresa"
0,0,0,0,0,-0.83,0,0,0.07,0,0,-0.99,0,0,0,-0.08,0,-0.83,0,0,0.08,-0.09,0,-0.78,"Neutro"
1.56,0,0,-0.09,0,-1.58,0,0,0,-0.06,-0.51,-0.9,1,0,0,0,0,0,0.87,0.65,0,-0.05,0,-1.58,"Surpresa"
0,0,0.1,-0.07,0,-0.99,0,0,0.4,0,0,0,0,0,0.06,-0.11,0,0,0,0,0.5,0,0,-0.71,"Neutro"
0,0,0,-0.14,-1.07,0,0,0,0.07,-0.05,0,0,1.9,0.62,0.02,0,0,0,0,0,0.05,0,0,-2.28,"Neutro"
0,0.52,0.37,0,-0.57,0,0,0,0.9,0,-0.55,0,0.72,0,0.02,-0.28,0,0,1.57,0,0.84,0,0,-0.78,"Tristeza"
0.72,0,0,0,0,0,0,0,0,0,-0.51,0,0,0,0.01,0,0,0,0,0.65,0.1,0,0,0,"Tristeza"
0.84,0,0,-0.08,0,0,0.75,0,0.62,0,0,0,0.98,0,0,-0.32,0,0,0.71,0,0.79,0,0,-0.89,"Neutro"
0,0,0.1,-0.05,0,-0.97,0,0,0.36,-0.09,0,0,0.7,0,0,0,0,0,0,0,0.35,0,0,-0.96,"Tristeza"
0,0,0.18,-0.14,0,0,0.75,0,0.93,-0.05,0,0,0,0,0.04,-0.53,0,0,0.85,0.35,0.66,-0.17,0,0,"Tristeza"
0.73,0.52,0.04,-0.14,0,0,0,0,0.19,-0.15,-0.57,-0.76,0,0,0.18,0,0,0,0.83,0.62,0.17,-0.1,0,0,"Tristeza"
0,0,0,-0.21,0,-0.75,0,0,0.54,0,0,0,0.79,0,0,-0.39,0,0,0,0,0.25,-0.1,0,-0.7,"Tristeza"
0.97,0,0,0,0,-2.79,0.8,0,0,0,0,0,2.19,0,0,0,0,-0.75,0,0,0,0,0,-3.6,"Neutro"
0,0,0.02,0,0,0,0,0,0.27,0,0,0,0,0,0,-0.05,0,0,0,0,0.2,0,0,0,"Neutro"
0.91,0,0,-0.08,0,0,0,0,0.7,0,0,0,1.86,0,0,-0.23,0,0,0.79,0,0.58,0,0,-1.61,"Tristeza"
0.94,0,0,-0.03,0,0,0,0,0.33,0,-1.18,0,0,0,0,-0.06,0,0,0,0.54,0.11,0,0,0,"Alegria"
0.84,0,0,0,-0.38,0,0,0,0.11,0,0,0,0,0,0,-0.22,0,0,0,0,0,-0.07,0,0,"Alegria"
0.71,0,0.03,0,0,0,0,0,0.07,0,0,0,0,0,0,0,0,0,0,0,0,0,0,0,"Tristeza"
0,0,0,0,0,-1.85,0,0,0,-0.05,0,0,0,0,0,0,0,-1.69,0,0,0.05,0,0,-0.95,"Neutro"
0,0,0.04,-0.14,0,0,0,0,0.07,0,0,0,0,0,0.07,0,0,0,0,0,0.12,0,0,0,"Tristeza"
0,0,0,0,0,-1.52,0,0,0,-0.05,0,0,0.88,0.52,0,0,0,0,0,0,0.05,0,0,-1.81,"Tristeza"
0,0,0.08,-0.15,0,0,0,0,0.21,-0.04,0,0,0,0,0.02,-0.38,0,0,0,0,0.16,-0.24,0,0,"Neutro"
0,0,0.12,0,0,-0.85,0,0,0.25,-0.02,0,0,1.75,0,0,0,0,0,0,0,0.17,0,0,-1.81,"Alegria"
0.93,0,0.05,0,0,0,0.85,0,0.21,0,0,0,0,0,0.01,0,0,0,0.97,0,0.15,0,0,0,"Alegria"
0,0,0,0,-0.6,-0.89,0,0,0,-0.05,0,0,1.93,0,0,0,0,0,0,0,0.05,0,0,-0.95,"Neutro"
0,0.65,0,-0.11,-0.63,-0.92,0,0.63,0,-0.06,0,0,1.69,0,0,-0.37,0,0,0,0,0.38,-0.11,0,-1.69,"Neutro"
0,0,0,-0.07,0,0,0,0,0.13,0,0,0,0,0,0,-0.28,0,0,0,0,0.19,-0.15,0,0,"Tristeza"
0,0,0.04,0,0,0,0,0,0,-0.12,0,0,0,0,0.15,0,0,0,0,0,0.17,-0.1,0,0,"Alegria"
0,0.58,0.1,-0.06,0,0,0,0,0,-0.08,-0.62,0,0,0,0.04,0,0,0,0,0.6,0,-0.11,0,0,"Neutro"
0,0.5,0.14,-0.06,0,0,0,0,0.81,0,0,0,0,0,0,-0.42,0,0,0.68,0,0.8,0,0,0,"Alegria"
0,0.62,0.14,-0.08,0,0,0,0,0.29,-0.02,0,-0.92,0,0,0.02,-0.05,0,0,0.77,0,0.15,-0.06,0,0,"Neutro"
0,0,0,-0.14,-0.57,0,0,0,0.5,0,0,0,0.72,0,0.02,-0.35,0,0,0,0,0.39,0,0,-0.78,"Tristeza"
0.71,0,0,0,0,0,0,0,0,-0.07,0,0,0,0,0,0,0,0,0,0,0,0,0,0,"Alegria"
0,0.65,0,0,0,0,0,0,0.4,0,-0.59,0,0,0,0,-0.28,0,0,0.77,0.37,0.09,0,0,0,"Surpresa"
0.74,0,0.03,-0.2,-0.56,-0.89,0.9,0.38,0.16,-0.04,0,0,0.94,0,0,-0.35,0,0,0.73,0,0.15,-0.38,0,0,"Alegria"
0.95,0,0.1,0,0,0,0,0,0.26,0,0,0,0,0,0,0,0,0,0,0,0.39,0,0,0,"Neutro"
0.79,0,0.07,-0.08,-0.47,0,0.87,0.39,0.41,0,0,0,0,0,0.05,-0.41,0,0,0,0,0.87,-0.17,0,0,"Tristeza"
0,0,0.1,-0.18,0,0,0,0,0.09,-0.09,0,0,0,0,0.01,-0.12,0,0,0,0,0.17,-0.19,0,0,"Tristeza"
4.35,0,0,0,0,0,2.37,0,0,0,0,0,0,0,0,0,0,0,2.72,0,0,0,0,0,"Tristeza"
0.74,0,0,0,0,-0.79,0.9,0,0,0,0,0,0.73,0.62,0,0,0,0,0.73,0,0,0,-0.5,-0.92,"Tristeza"
0,0,0.14,0,0,0,0.95,0,0.43,0,0,0,0,0,0,-0.31,0,0,0,0,0.61,0,0,0,"Neutro"
1.66,0,0.07,-0.06,0,0,0,0,0.51,0,0,0,0,0,0.02,-0.14,0,0,1.66,0,0.66,0,0,0,"Tristeza"
0,0,0.06,-0.04,0,-0.72,0,0.42,0,0,0,0,0.75,0,0,-0.29,0,0,0,0.41,0.07,0,0,-1.64,"Neutro"
0.74,0,0.23,0,0,-0.69,0,0,0.17,0,0,-0.71,0,0.61,0,-0.12,0,0,0,0.57,0.18,0,-0.6,0,"Neutro"
0.92,0,0.1,-0.04,0,0,0,0,0.27,0,0,0,0,0,0,-0.13,0,0,0,0,0.2,0,0,0,"Neutro"
0.93,1.11,0.1,0,0,0,0.85,0,0.45,0,-0.62,-0.71,0,0,0.05,-0.24,0,0,0.97,1.21,0.57,0,0,0,"Tristeza"
0.72,0,0.06,0,0,0,0,0.34,0.16,-0.19,-0.51,0,0,0,0.08,-0.09,0,0,0,0.65,0.58,0,0,0,"Tristeza"
0,0,0.27,-0.04,0,-0.85,0,0,0.11,-0.1,0,0,0,0,0,-0.11,0,-0.82,0,0,0.09,-0.08,0,0,"Alegria"
0.89,0,0.04,-0.09,0,0,0,0,0,0,0,0,0.73,0,0,-0.15,0,0,0,0,0.06,0,0,-0.92,"Surpresa"
0.89,0,0.05,0,0,0,0,0,0.26,0,0,0,0,0,0,-0.12,0,0,0,0,0.2,0,0,0,"Alegria"
0,0,0,-0.19,0,0,0,0,0.21,-0.01,0,0,0,0,0.01,-0.1,0,0,0,0,0.08,-0.1,0,-0.86,"Surpresa"
0,0,0,-0.47,-0.57,0,0,0,0.24,-0.04,0,0,0.72,0,0.02,-0.27,0,0,0,0,0.14,-0.14,0,-0.78,"Alegria"
0,0,0.04,-0.2,0,0,0,0,0.11,-0.04,0,0,0,0,0,0,0,0,0,0,0.13,-0.31,0,0,"Alegria"
0.72,0,0,0,0,0,0.97,0,0.58,0,0,0,0.73,0,0,-0.17,0,0,0,0,0.44,0,0,-0.92,"Surpresa"
0,0,0.04,0,0,0,0,0,0,0,0,0,0.73,0,0.03,0,0,0,0,0,0.09,0,0,-0.92,"Alegria"
0,0,0,0,0,0,0,0,0,0,0,0,0,0,0,0,0,0,0,0,0,0,0,0,"Neutro"
0,0,0,0,0,-0.83,0,0.35,0.28,0,0,0,0.71,0,0,-0.45,0,0,0,0.37,0.22,0,0,-0.72,"Neutro"
0,0,0.19,-0.1,0,-1.89,0,0,0.57,-0.03,0,0,0.91,0.65,0,-0.27,0,0,0,0,0.38,-0.03,0,-0.99,"Neutro"
0,0,0,0,0,0,0,0,0.17,0,0,0,0,0,0,0,0,0,0,0,0.16,0,0,0,"Alegria"
1.73,0,0.08,-0.08,0,0,0.96,0,0.29,0,0,-0.84,0,0,0.08,-0.29,0,0,2.53,0,0.42,0,0,0,"Neutro"
0.91,0.59,0,-0.05,0,0,0,0.65,0.12,0,0,-0.84,0,0,0,-0.34,0,0,0.82,0,0.41,-0.06,0,0,"Neutro"
0,0,0.29,0,0,0,0,0,0.29,-0.13,0,0,0,0,0.03,-0.2,0,0,0,0,0.3,0,0,0,"Tristeza"
0,0,0,0,-0.56,0,0,0,0,0,0,0,0,0,0,0,-0.49,0,0,0,0,-0.09,0,0,"Neutro"
0.97,0.59,0.07,0,0,0,0.8,0,0.08,0,0,-0.82,0,0,0,-0.09,0,0,0,0.57,0.3,0,0,0,"Neutro"
0.85,0,0.02,0,0,0,0.93,0,0.35,0,0,0,0.96,0,0,-0.29,0,0,0,0,0.32,0,0,-1.78,"Alegria"
0,0,0.03,-0.08,0,0,0,0,0.35,0,0,0,0,0,0,-0.37,0,0,0,0,0.31,0,0,0,"Neutro"
0,0.56,0.1,-0.16,0,0,0,0,0.87,0,-0.55,0,0,0,0,-0.68,0,0,0,0.66,0.57,-0.14,0,0,"Tristeza"
0,0,0,0,0,0,0,0,0.31,0,0,0,0,0,0,-0.2,0,0,0,0,0.16,-0.12,0,0,"Neutro"
0,0,0,-0.04,0,-0.74,0,0,0.57,0,0,0,0,0.64,0,-0.35,0,0,0,0,0.4,0,0,-0.75,"Neutro"
0.94,0.66,0,-0.15,0,0,0.79,0,0.57,0,0,-0.88,0,0,0,-0.19,0,0,1.75,0.63,0.35,0,0,0,"Tristeza"
0,0,0,0,0,0,0,0,0.19,0,0,0,0,0,0,0,0,0,0,0,0.1,0,0,0,"Alegria"
0,0,0,-0.15,-0.64,-2.18,0,0,0.64,0,0,0,0.68,0.64,0,-0.1,0,-1.78,0,0,0.38,0,0,-1.47,"Neutro"
0.92,0.53,0.15,-0.06,0,-0.99,0.98,0.61,0.53,-0.11,0,-0.71,0,0,0.07,-0.46,0,-0.8,0.75,0.61,0.94,-0.05,0,0,"Tristeza"
2.39,0,0.09,0,0,-0.99,1.72,0,0.11,0,0,-0.91,0,0.52,0,-0.09,0,0,1.78,0,0,0,0,-0.99,"Alegria"
0.85,0,0.09,0,0,0,0,0,0.2,0,0,-0.85,0,0,0,-0.06,0,0,0.68,0,0.19,0,0,0,"Tristeza"
0.79,0.66,0,-0.11,0,0,0,0,0.54,0,-0.64,0,0.93,0,0,-0.15,0,0,0.98,0.63,0.2,0,0,0,"Surpresa"
0.91,0.44,0.09,-0.09,0,0,0,0.37,0.4,0,0,0,0,0,0,-0.24,0,0,0.79,0,0.57,0,0,0,"Medo"
0.92,0,0.08,0,0,-0.98,0,0,0.34,-0.05,0,-0.85,0.91,0,0.01,-0.06,0,0,0.78,0,0.35,0,0,-0.99,"Neutro"
0,0,0.15,0,0,0,0,0,0.62,0,0,0,0,0,0,-0.47,0,0,0,0,0.76,0,0,0,"Tristeza"
0,0,0.04,-0.15,0,0,0,0,0.16,0,0,0,0,0,0.02,-0.32,0,0,0,0,0.29,-0.15,0,0,"Neutro"
0,0,0.26,0,0,-0.98,0,0.35,0,0,0,0,0,0,0,-0.24,0,0,0.9,0,0.4,0,0,-0.94,"Neutro"
1.73,0,0.24,-0.2,-0.66,0,1.72,0.4,0.32,0,0,-0.97,1.86,0.64,0.08,-0.29,0,0,0.83,0.64,0.55,0,-0.66,-1.64,"Alegria"
0.79,0,0.1,-0.16,0,-0.73,0.87,0,0.66,-0.05,0,0,2.58,0,0,-0.52,0,0,0.91,0,0.6,0,-0.6,-1.83,"Surpresa"
0,0,0.03,-0.06,0,0,0,0,0.23,0,0,0,0,0,0,-0.17,0,0,0,0,0.37,-0.08,0,0,"Neutro"
1.65,0,0.02,-0.06,0,-2.79,0,0,0.18,-0.02,-0.58,-0.7,0.84,0,0.28,-0.23,0,-1.52,1.86,0,0.09,-0.14,-0.53,-1.89,"Tristeza"
0,0,0,-0.06,0,0,0,0,0.16,-0.02,0,0,0,0,0.04,-0.1,0,0,0,0,0.41,-0.05,0,0,"Alegria"
0,0,0,0,0,-0.95,0,0,0,0,0,0,0.73,0.55,0,0,0,0,0,0,0,0,0,-1.9,"Surpresa"
0.91,0,0.03,0,0,0,0,0,0.19,0,0,0,0,0,0,0,0,0,0.79,0,0,0,0,0,"Tristeza"
0,0,0,0,0,0,0,0,0,0,0,0,0,0,0,0,0,0,1.71,0,0,0,0,0,"Alegria"
1.74,0,0,-0.13,0,0,0,0,0.16,-0.06,0,-0.81,0,0.66,0.03,0,0,0,0.93,0,0,-0.15,-0.66,0,"Surpresa"
0,0,0,-0.15,0,0,0,0,0,0,0,0,0,0,0,-0.22,0,0,0,0,0,-0.15,0,0,"Tristeza"
0.91,0.58,0.27,-0.07,0,0,0.73,0,0.33,0,-0.62,0,0,0,0,0,0,0,0.88,0.6,0.26,0,0,0,"Neutro"
0,0,0.19,0,0,-0.94,0,0,0.26,0,0,-0.91,0,0,0,-0.19,0,-0.97,0,0,0.43,0,0,-0.81,"Neutro"
0,0,0.03,0,0,-0.74,0,0,0.53,0,0,0,0,0.64,0,-0.29,0,0,0,0,0.38,0,0,-0.75,"Tristeza"
0,0,0,-0.06,0,0,0,0,0.25,0,0,0,0.73,0,0,-0.22,0,0,0,0,0.45,-0.07,0,-0.92,"Alegria"
0,0,0,0,0,0,0,0,0,0,0,0,0,0,0,-0.11,0,0,0,0,0.18,0,0,0,"Tristeza"
0.99,0,0.39,-0.27,0,0,0,0,0.72,-0.06,-0.51,0,0,0,0.19,-0.32,0,0,0,0.6,1.1,-0.07,0,0,"Neutro"
0,0,0,-0.14,-0.64,0,0,0,0.29,0,0,0,0,0.56,0.02,-0.16,0,0,0,0,0.27,0,0,-0.83,"Neutro"
0.8,0,0.32,0,0,0,0,0.35,0.3,0,-0.58,0,0,0,0,-0.44,0,0,0.95,0,0.64,0,0,0,"Tristeza"
0.78,0,0.05,0,0,-0.82,0,0,0.21,0,0,0,0.84,0,0.11,0,0,0,0,0,0.2,0,0,-0.76,"Alegria"
0,0,0.07,-0.09,-0.6,0,0,0,0.61,-0.04,0,0,1.4,0,0,-0.43,0,-0.94,0,0,0.87,0,0,-2.52,"Surpresa"
1.66,0,0,-0.08,0,0,0,0,0.35,0,-0.59,-0.8,0,0,0,-0.3,0,0,0.95,0.53,0.41,0,0,0,"Neutro"
0,0.58,0,-0.23,0,0,0,0,0.6,0,-0.62,0,0,0.63,0,-0.42,0,0,0,0.97,0.07,-0.05,-0.64,0,"Neutro"
0,0.57,0.04,0,0,-1.91,0,0,0,0,0,-0.72,0.95,0,0.05,0,0,0,0,0.52,0.12,0,0,-1.87,"Tristeza"
0,0,0.12,-0.25,-0.62,0,0,0,0.18,-0.04,0,0,0,0.66,0.02,0,0,0,0,0,0.2,0,0,-0.96,"Tristeza"
0,0,0,-0.04,0,-0.8,0,0,0.27,0,0,0,0,0.53,0,-0.21,0,0,0,0.39,0,0,-0.64,0,"Alegria"
0.96,0,0.17,-0.06,0,-0.85,0.92,0,0.26,-0.1,0,0,0.78,0,0.13,-0.13,0,0,0.9,0,0.54,-0.08,0,-0.9,"Surpresa"
0,0,0,-0.09,0,0,0,0,0.26,0,0,0,0,0,0.01,-0.1,0,0,0,0,0.05,0,0,0,"Neutro"
0.93,0,0.16,0,-0.6,0,0.85,0,0.74,0,0,0,0.72,0,0.04,-0.49,0,0,0.97,0,0.73,0,0,-0.84,"Neutro"
0.86,0,0.02,0,0,0,0,0,0.27,0,0,-0.79,0,0,0,-0.1,0,0,0.93,0,0.3,0,0,0,"Surpresa"
0,0,0.31,0,0,0,0,0.35,0.07,0,0,0,0,0,0,-0.43,0,0,0,0,0.64,-0.1,0,0,"Surpresa"
0,0,0,-0.14,0,-0.87,0,0,0,0,-0.66,0,1.83,0,0,-0.17,0,0,0,0,0,-0.09,0,-1.72,"Surpresa"
0,0,0.14,0,0,0,0,0,0,-0.13,0,0,0,0,0.09,0,0,0,0.96,0,0.07,0,0,0,"Tristeza"
1.65,0,0.06,0,0,-0.83,0.85,0,0.3,0,-0.51,0,0.95,0,0,-0.1,0,0,0.97,0.65,0.23,0,0,-0.86,"Tristeza"
0.91,0,0.03,-0.07,0,0,0,0,0.2,0,0,0,0,0,0,-0.19,0,0,0.79,0,0.08,-0.05,0,0,"Neutro"
0.85,0,0.13,-0.13,0,0,0,0,0.11,0,-1.15,0,0.69,0,0.02,-0.08,0,0,0,0.54,0.49,0,0,-0.68,"Neutro"
0,0.61,0.16,0,0,0,0,0,0.4,0,0,-0.95,0,0,0,-0.11,0,0,0.77,0,0.41,0,0,0,"Neutro"
0,0,0.09,0,0,0,0,0,0,0,0,0,0,0,0,0,0,0,0,0,0,0,0,0,"Desgosto"
0,0,0,0,0,0,0,0,0,0,0,0,0,0,0,0,0,0,0,0,0,0,0,0,"Neutro"
0,0.66,0,0,0,0,0.68,0,0,0,0,0,0,0,0,-0.3,0,0,0,0.39,0,0,0,0,"Tristeza"
0.89,0,0.27,0,-0.91,-0.9,0.88,0,0.36,-0.05,0,0,0,1.28,0,-0.1,0,0,0,0,0.2,0,-1.16,0,"Desgosto"
0,0,0.08,0,0,-1.69,0,0,0.1,0,0,0,0.78,0.55,0,-0.11,0,0,0,0,0.42,0,-0.52,-0.8,"Surpresa"
0,0,0,0,0,0,0,0,0,-0.1,0,0,0,0,0.11,0,0,0,0.78,0,0,-0.1,0,0,"Alegria"
0,0.38,0.03,0,0,-0.79,0,0.39,0.1,-0.01,0,0,0,0.62,0.02,-0.27,0,0,0,0,0.4,0,-0.5,0,"Surpresa"
0,0,0.05,-0.06,-0.52,-0.69,0,0,0.19,0,0,-0.75,1.73,0,0.01,-0.1,0,-0.99,0,0,0.42,0,0,-2.5,"Desgosto"
0.91,0,0.15,-0.06,0,0,0,0,0,-0.07,0,-0.84,0,0,0,-0.12,0,0,0.82,0,0,-0.05,0,0,"Neutro"
0,0,0.07,-0.03,0,0,0,0,0.39,0,0,0,0.77,0,0,-0.17,0,0,0,0,0.41,0,0,-0.89,"Neutro"
0.77,0,0.24,-0.05,0,0,0.81,0,0.46,0,0,0,0,0,0,-0.44,0,0,0.73,0.7,0,-0.05,0,0,"Tristeza"
0,0,0.06,0,0,0,0,0,0,0,0,0,0,0,0,-0.1,0,0,0,0,0.18,0,0,0,"Neutro"
0.78,0,0,0,0,0,0,0,0.13,0,0,-0.8,0,0,0,-0.24,0,0,0.95,0,0.09,0,0,0,"Neutro"
0,0,0.21,-0.12,0,0,0,0,0.69,0,0,0,0,0,0,-0.65,0,0,0,0.38,0.32,0,0,0,"Surpresa"
0,1.14,0.08,0,-0.64,0,0,0,0.26,0,-0.52,-0.82,0.87,0,0.02,0,0,0,1.67,0,0.4,0,0,-0.75,"Neutro"
0.84,0.38,0,-0.06,0,0,0.71,0.39,0.19,0,-0.65,0,0.73,0,0,-0.39,0,0,0.91,0,0.53,0,0,-0.92,"Surpresa"
0,0,0,-0.15,0,0,0,0,0.08,-0.03,0,0,0,0,0,-0.12,0,0,0,0,0.06,0,0,0,"Surpresa"
0,0.61,0.1,-0.13,-0.57,0,0,0,0.48,-0.2,0,-0.98,0.72,0,0.13,-0.25,0,0,0.8,0,0.33,-0.16,0,-0.78,"Tristeza"
0,0,0.08,0,0,0,0,0,0.34,0,0,0,0,0,0,-0.39,0,0,0,0,0.51,0,0,0,"Tristeza"
0,0,0.1,0,0,-0.91,0,0,0.51,0,0,-0.71,0,0,0.3,-0.14,0,-0.89,0,0,0.47,0,0,0,"Alegria"
0,0,0.02,-0.14,0,-0.98,0,0,0.35,-0.05,0,0,0.96,0,0.04,-0.12,0,0,0,0.34,0,-0.17,0,-0.96,"Neutro"
0.85,0,0,-0.04,0,0,0,0,0.32,0,0,-0.7,0,0,0,-0.21,0,0,0.91,0,0.4,0,0,0,"Neutro"
0,0.56,0.04,-0.23,0,0,0,0,1.08,0,-0.6,0,0,0,0.03,-0.45,0,0,0.78,0,0.75,-0.09,0,0,"Neutro"
0,0,0,0,0,-0.7,0,0,0.24,-0.05,0,0,0,0.52,0.01,0,0,0,0,0,0.15,0,0,-0.94,"Tristeza"
0,0.57,0.09,-0.07,0,-0.74,0.67,0,0.11,-0.03,0,0,0,0.64,0.15,0,-0.34,0,0,0.49,0.27,-0.09,0,-0.75,"Neutro"
0.93,0,0.14,0,0,0,0.74,0.59,0.14,0,0,0,0,0,0,-0.1,-0.37,0,0.88,0,0.73,0,0,0,"Neutro"
0,0,0.03,0,0,-0.73,0,0,0.07,0,0,0,0.92,0,0,0,0,0,0,0,0,0,-0.55,0,"Tristeza"
0,0,0.03,0,0,0,0,0,0.23,0,0,0,0,0,0,-0.09,0,0,0,0,0.17,0,0,0,"Tristeza"
0,0,0,-0.14,0,0,0,0,0.29,0,0,0,0,0,0,-0.21,0,0,0,0,0.16,0,0,0,"Neutro"
0,0,0.05,0,0,0,0,0,0.34,0,0,0,0,0,0,-0.05,0,0,0,0,0.4,0,0,0,"Neutro"
0.85,0,0.07,0,0,0,0,0,0.14,0,0,-0.96,0,0,0,-0.18,0,0,0,0.55,0.11,0,0,0,"Alegria"
0,0.62,0.16,-0.03,0,0,0,0,0.37,-0.02,-0.59,0,0,0,0.02,-0.29,0,0,0.77,0,0.45,-0.06,0,0,"Neutro"
0.73,0,0,-0.03,0,0,0,0,0.28,0,0,-0.82,0,0,0,-0.18,0,0,0.97,0,0.3,0,0,0,"Medo"
0,0,0.26,0,0,0,0,0.35,0,0,0,0,0,0,0,-0.24,0,0,0,0,0.42,0,0,0,"Desgosto"
0,0,0.31,0,0,0,0,0.35,0.18,0,0,0,0,0,0,-0.34,0,0,0,0,0.6,0,0,0,"Surpresa"
0,0,0,-0.06,0,0,0,0,0.07,0,0,0,0.83,0,0,-0.1,0,0,0,0,0,0,0,0,"Alegria"
0.85,0.6,0,0,0,-0.99,0,0,0.08,0,-0.55,0,0,0,0,0,0,-0.8,0.88,0.54,0.18,0,0,0,"Alegria"
0,0,0.04,-0.21,0,-0.98,0,0,0,0,0,0,0,0,0,-0.28,0,0,0,0,0.16,-0.2,0,-0.94,"Alegria"
0,0,0.08,-0.05,0,-0.91,0,0,0.37,0,0,0,0,0,0.28,-0.37,0,-0.93,0,0,0.47,-0.05,0,0,"Surpresa"
0.77,0.51,0,-0.15,0,-2.4,0.81,0,0.16,-0.1,0,-0.73,1.5,0.64,0.04,-0.1,0,0,1.46,0,0.28,-0.28,0,-2.68,"Surpresa"
0,0,0,0,-1.28,0,0,0,0,0,0,0,0,1.17,0,0,0,0,0,0,0,0,0,-1.68,"Neutro"
0.98,0,0,0,0,-0.92,0,0,0,0,0,-0.67,0.84,0,0,0,0,0,0.68,0,0,0,0,-0.68,"Alegria"
0,0,0.21,-0.16,0,0,0,0,0.54,-0.01,0,0,0,0,0.02,-0.09,0,0,0,0,0.44,0,0,0,"Desgosto"
0.93,0,0.03,-0.1,0,0,0.85,0,0.07,0,0,0,0,0,0,-0.12,0,0,0.97,0,0,-0.22,0,-0.86,"Tristeza"
0.93,0,0,-0.29,0,-0.7,0.85,0,0.16,0,0,0,0.7,0,0,-0.34,0,0,1.79,0,0.23,-0.13,0,-0.72,"Tristeza"
0,0,0,-0.04,0,-0.74,0,0,0,-0.01,0,0,0,0.59,0.03,0,0,0,0,0,0,-0.04,0,-0.89,"Neutro"
0.94,0,0.06,0,0,0,0,0,0.1,-0.18,-0.58,0,0,0,0.17,0,0,0,0,0.54,0.12,-0.23,0,0,"Neutro"
0.94,0,0.02,0,0,-0.98,0,0,0.22,0,0,0,0,0,0,0,0,-0.82,0.88,0,0.13,0,0,-0.95,"Surpresa"
0,0,0.08,-0.35,0,-0.94,0,0,0.1,0,0,0,0,0.57,0,-0.35,0,0,0,0,0.2,-0.2,0,-0.72,"Tristeza"
0,0,0.14,-0.02,0,0,0,0.34,0.94,0,0,0,0,0,0,-0.8,0,0,0,0,1.26,0,0,0,"Desgosto"
0,0,0.26,-0.2,0,0,0,0.35,0.26,0,0,0,0,0,0.02,-0.35,0,0,0,0,0.48,0,0,0,"Neutro"
0,0,0.04,0,-0.58,-0.7,0,0,0,-0.13,0,-0.76,1.56,0.52,0.03,0,0,0,0,0,0,0,0,-2.45,"Tristeza"
0.7,0.47,0.1,-0.29,-0.51,0,0.94,0.42,0.8,0,0,0,0,0,0,-1.07,0,0,0.72,0.37,0.39,-0.22,0,0,"Tristeza"
0,0,0,0,0,-2.59,0,0,0.3,0,0,0,0.85,0.52,0,-0.2,0,-0.82,0,0,0.12,0,0,-2.66,"Desgosto"
0.84,0,0,0,0,0,0.75,0,0.12,0,0,0,0,0,0,-0.07,0,0,0.71,0,0.21,0,0,0,"Surpresa"
0,0,0,0,0,0,0,0,0,0,0,0,0.71,0,0,0,0,-0.75,0,0,0,0,0,-1.6,"Surpresa"
0,0,0.04,-0.03,0,0,0,0,0.65,0,0,0,0,0,0,-0.31,0,-0.94,0,0,0.39,0,0,-0.77,"Surpresa"
0,0,0,-0.23,-0.52,0,0,0,0,0,0,0,0.73,0,0,-0.26,0,0,0,0,0,-0.14,0,-1.79,"Desgosto"
1.78,0,0.04,0,0,0,0.87,0,0.12,0,-0.51,0,0,0,0,0,0,0,0,0.6,0.07,0,0,0,"Neutro"
0,0,0.04,0,0,0,0,0,0,-0.13,0,0,0,0,0.03,0,0,0,0.82,0,0,0,0,0,"Tristeza"
0.72,0,0,-0.03,0,0,0,0,0.25,0,-0.51,0,0.73,0,0,0,0,-0.94,0,0.65,0.12,0,0,-1.69,"Surpresa"
0,0,0.17,0,0,0,0,0,0.33,-0.13,0,0,0,0,0.03,-0.13,0,0,0,0,0.38,0,0,0,"Tristeza"
0.94,0,0.12,-0.1,-0.53,0,0,0,0.56,-0.09,0,0,0.8,0,0.07,-0.52,0,0,0,0.35,0.44,-0.05,0,-0.73,"Desgosto"
1.5,0,0.03,-0.1,-0.44,0,0,0,0.24,-0.17,-0.51,0,0,0,0.13,-0.19,0,0,0,0.65,0.3,0,-0.36,0,"Neutro"
1.71,0,0,0,0,0,0.85,0,0,-0.05,0,-0.8,0,0,0,0,0,0,1.92,0,0.05,0,0,0,"Tristeza"
0.97,0,0,0,0,-0.74,1.74,0,0,0,0,0,0,0.64,0,0,0,0,0,0,0,0,0,-0.75,"Alegria"
0,0,0.04,0,0,0,0,0,0.21,0,0,0,0,0,0,-0.17,0,0,0,0,0.21,0,0,0,"Neutro"
0,0,0.15,0,0,-0.91,0,0,0.27,-0.07,0,0,0.93,0,0.06,-0.06,0,0,0,0,0.2,0,0,-0.72,"Alegria"
0,0.49,0.04,-0.1,0,0,0.67,0,0.33,0,0,0,0,0,0,-0.5,0,0,0,0,0.47,0,0,0,"Neutro"
0.85,0,0.03,-0.13,0,0,0,0,0.27,-0.11,-0.55,0,0,0,0.05,-0.17,0,0,0,0.54,0.32,-0.08,0,0,"Neutro"
0,0.63,0.1,0,0,0,0,0,0.38,0,-0.6,0,0,0,0,-0.2,0,0,0.77,0,0.32,0,0,0,"Neutro"
0.72,0,0,0,0,0,0,0.62,0,-0.03,0,0,0,0,0.09,-0.23,0,0,0.88,0,0.33,-0.09,0,0,"Neutro"
0.85,0,0,-0.36,0,0,0,0,0.46,0,0,-0.85,0,0,0.01,-0.45,0,0,0.68,0.39,0.05,-0.13,0,0,"Alegria"
0,0,0.02,-0.22,0,0,0,0,0.61,0,0,0,0,0,0,-0.48,0,0,0,0,0.51,-0.05,0,0,"Desgosto"
0,0,0.21,0,0,0,0,0,0.14,0,0,0,0,0,0.08,-0.12,0,0,0,0,0.15,-0.08,0,0,"Neutro"
0.89,0,0,-0.03,0,-1.85,0.88,0,0.33,0,0,0,0.91,0,0,-0.06,0,-1.62,0,0,0.11,0,0,-1.74,"Neutro"
0,0,0.12,0,0,0,0,0,0.19,0,0,0,0,0,0,-0.11,0,0,0,0,0.18,0,0,0,"Surpresa"
0.74,0,0.03,-0.05,0,-0.7,0.96,0,0.25,0,0,0,0,0.52,0,-0.19,0,0,0,0,0.22,-0.17,0,-0.94,"Tristeza"
1,0,0.21,-0.14,-0.64,0,0.72,0,0.55,0,0,0,0,0.5,0.1,-0.56,0,0,0.77,0,0.56,-0.15,0,-0.74,"Surpresa"
0,0,0.09,0,0,-0.77,0,0,0.27,0,0,0,0,0,0,-0.13,0,-0.74,0,0,0.49,0,0,-0.72,"Medo"
0,0,0,-0.13,0,-0.91,0,0,0.36,0,0,0,0,0,0.28,-0.32,0,0,0,0,0.3,-0.1,0,0,"Medo"
1.49,0.66,0.04,-0.05,0,-0.7,1.49,0,0.32,0,-0.51,0,0.7,0,0.09,-0.37,0,0,0.73,1.04,0.33,-0.05,0,-0.72,"Neutro"
0.93,0,0.02,0,0,-0.7,0.85,0,0.75,0,0,0,0,0.52,0.02,-0.15,-0.34,0,0.97,0,0.69,0,0,-0.94,"Neutro"
0.71,0,0,0,0,0,0,0,0,-0.05,0,0,0,0,0.01,0,0,0,0,0,0.18,0,0,0,"Surpresa"
1.93,0,0,0,0,0,1.57,0,0.11,0,0,0,0,0,0,0,0,0,1.74,0,0.11,0,0,0,"Surpresa"
0,0,0,0,0,-1.85,0,0,0,0,0,0,0,0.65,0,0,0,0,0,0,0,0,-0.66,-0.74,"Alegria"
0,0,0,-0.07,0,-0.85,0,0,0.26,0,0,0,0,0,0,-0.06,0,-0.71,0,0,0.06,0,0,-1.45,"Medo"
0,0,0,-0.03,0,0,0,0,0.22,-0.07,0,0,0,0,0.07,-0.11,0,0,0,0,0.38,-0.05,0,0,"Neutro"
0,0,0.08,0,0,-0.92,0,0,0.09,0,0,0,0.86,0,0.05,-0.07,0,0,0,0,0.19,0,0,-0.9,"Neutro"
0,0,0.17,0,0,0,0,0,0.55,-0.05,0,0,0,0,0,-0.28,0,0,0,0,0.68,-0.07,0,0,"Neutro"
0,0,0.1,-0.08,0,0,0,0,0.31,0,0,0,0,0,0,-0.31,0,0,0,0,0.44,0,0,0,"Neutro"
0.93,0,0.09,-0.03,0,0,0.85,0,0.52,0,0,0,0,0,0,-0.15,0,0,0.97,0,0.22,-0.12,0,0,"Tristeza"
1.63,0.61,0.02,-0.2,0,0,0.8,0,0.41,-0.05,0,-1.68,0,0,0.05,-0.16,0,0,2.54,0,0.18,-0.15,0,0,"Tristeza"
1.81,0,0.07,0,0,0,0.85,0,0,-0.19,-0.59,0,0,0,0,-0.16,0,0,0.97,0.53,0,-0.08,0,0,"Desgosto"
0.72,0,0,-0.33,0,-0.71,0,0,0.73,-0.15,-0.63,0,0,0,0.11,-0.44,-0.4,0,0.9,0,0.5,-0.35,0,0,"Desgosto"
0,0,0,-0.09,0,0,0,0,0.21,-0.02,0,0,0,0,0,-0.1,0,0,2.78,0,0.08,-0.2,0,0,"Neutro"
0,0,0,0,0,0,0,0,0,0,0,0,0,0,0.01,0,0,0,0,0,0.13,0,0,-0.86,"Alegria"
0.72,0,0.03,0,0,-0.98,0,0,0.1,0,-0.51,0,0,0.54,0,0,0,0,0,0.65,0.09,0,-0.55,0,"Tristeza"
0,0,0,-0.2,0,0,0,0,0.3,-0.06,0,0,0,0,0,-0.3,0,0,0,0,0.44,-0.24,0,0,"Neutro"
0.88,0,0.02,0,0,0,0,0,0.17,-0.13,-0.59,0,0.82,0,0.13,0,0,-0.97,0,0.53,0.25,0,0,-0.79,"Neutro"
0,0,0.09,-0.15,0,-0.92,0,0,0.23,0,0,-0.85,0,0,0,-0.3,0,-0.93,0,0,0,-0.15,0,0,"Neutro"
1.84,0,0,0,0,0,0.72,0,0,0,0,0,0,0,0,0,0,0,0.77,0,0.07,0,0,0,"Tristeza"
0.78,0,0.02,-0.06,0,0,0,0,0.27,0,0,-0.8,0,0,0,-0.22,0,0,0.95,0,0.17,0,0,0,"Tristeza"
0,0.63,0.33,-0.06,0,0,0,0.35,0.07,0,0,-0.88,0.96,0,0.05,-0.37,0,0,0.78,0,0.71,-0.16,0,-0.81,"Surpresa"
0,0,0.03,0,0,-0.91,0,0,0.41,0,0,0,0.93,0,0,-0.14,0,0,0,0,0.24,0,0,-0.72,"Alegria"
0.89,0.63,0.2,-0.02,0,0,0.88,0.95,0.29,-0.09,0,0,0.97,0,0,-0.8,0,0,0,0,0.88,0,0,-0.91,"Neutro"
0,0,0.1,-0.13,0,-0.73,0,0,0.14,-0.05,0,0,0.92,0,0,-0.2,0,0,0,0,0.14,-0.13,-0.55,0,"Medo"
0.93,0,0.09,-0.04,-0.6,-0.77,0.85,0,0.38,-0.11,0,0,0.99,0,0,0,-0.45,0,0.97,0,0.14,-0.05,0,-0.95,"Alegria"
0.78,0,0.13,0,0,0,0,0,0.51,0,0,-0.8,0,0,0.01,-0.07,0,0,0.95,0,0.43,0,0,0,"Desgosto"
0,0,0,0,0,0,0,0,0.15,0,0,0,0,0,0,-0.22,0,-0.71,0,0,0.28,0,0,-0.72,"Neutro"
0,0,0,-0.23,0,0,0,0,0.21,0,0,0,0,0,0,-0.42,0,0,0,0,0.36,0,0,0,"Alegria"
0,0,0.09,-0.25,0,-0.9,0,0,0.12,-0.01,0,0,0.95,0,0,-0.39,0,0,0,0,0.12,-0.2,0,-0.89,"Neutro"
0.72,0,0,0,0,-1.62,0,0,0.1,0,-0.51,0,1.56,0,0.02,0,0,0,0,0.65,0.08,0,0,-1.7,"Tristeza"
1.78,0,0.03,-0.06,0,-0.77,0.85,0,0.76,0,0,-0.7,0,0,0,-0.4,-0.45,0,1.88,0,0.72,-0.05,0,0,"Neutro"
0,0.58,0.12,-0.04,0,0,0,0,0.41,0,-0.62,0,0,0,0,-0.42,0,0,0,0.6,0.65,0,0,0,"Neutro"
0,0.49,0.18,-0.04,-0.64,0,0.67,0,0.48,-0.06,0,0,0,0.5,0,-0.51,0,0,0,0,0.92,-0.19,0,-0.74,"Desgosto"
0.69,0,0.3,-0.19,0,-0.91,0,0.35,0,0,0,-0.99,0,0.64,0.05,-0.38,0,0,0.88,0.61,0.44,-0.16,0,-0.96,"Neutro"
0.88,0,0.08,-0.08,0,-0.89,0,0,0.53,0,-0.59,0,0.94,0,0,-0.56,0,0,0,0.53,0.83,0,0,0,"Neutro"
0.68,0,0.04,-0.02,0,0,0,0,0.33,0,-0.57,0,0,0,0,0,0,0,0,0.63,0.31,0,0,0,"Tristeza"
1.73,0,0.2,-0.15,0,0,0,0,0,0,0,-1.73,0,0,0.04,-0.22,0,0,1.77,0,0,-0.15,0,0,"Neutro"
0,0,0.08,0,0,0,0,0,0.16,-0.13,0,0,0,0,0,-0.17,0,0,0,0,0.06,0,0,0,"Neutro"
0,0,0,0,0,-0.91,0,0,0,0,0,0,0,0.65,0,0,0,0,0,0,0,0,0,0,"Tristeza"
0,0,0.04,-0.15,0,0,0,0,0.08,0,0,0,0,0,0,-0.33,0,0,0,0,0.49,0,0,0,"Neutro"
0,0,0.1,-0.04,0,-0.99,0,0,0.16,-0.08,0,0,0.67,0,0.04,0,0,0,0,0,0.2,-0.07,0,-0.93,"Neutro"
0,0,0.09,-0.04,0,-0.9,0,0,0.18,0,0,0,0,0,0.25,-0.16,0,0,0,0,0.3,-0.05,0,-0.96,"Alegria"
0.99,0,0.11,-0.03,0,0,0,0,0.8,0,0,0,0,0,0.04,-0.41,0,0,0.98,0.37,0.38,0,0,0,"Alegria"
0.77,0,0.05,-0.04,0,-0.99,0.81,0,0.14,0,0,0,0.8,0,0.04,-0.09,0,0,0.73,0,0.32,0,-0.57,0,"Medo"
0.95,0,0,0,0,0,0,0,0.26,0,0,0,0,0,0,0,0,0,0,0,0.06,0,0,0,"Medo"
0,0,0.03,-0.07,0,-1.83,0,0,0.07,-0.16,0,-0.91,0.94,0,0.05,0,0,-0.97,0,0,0.05,-0.08,0,-0.81,"Tristeza"
0,0,0,0,0,-1.62,0,0,0.08,0,0,0,0.92,0.64,0,0,0,0,0,0,0,0,-0.55,-0.88,"Desgosto"
0,0,0,0,-0.6,-0.91,0,0,0.16,0,0,0,0.9,0.65,0,-0.1,0,0,0,0,0.23,0,-0.54,0,"Neutro"
0,0,0,-0.31,0,-0.92,0,0,0.45,-0.03,0,0,0,0,0,-0.3,0,0,0,0,0.26,-0.29,0,-0.93,"Surpresa"
0.82,0,0.03,-0.03,0,-1.89,0,0,0.68,0,0,0,0.85,0,0.08,-0.3,0,0,0.75,0,0.41,0,0,-1.69,"Neutro"
0,0,0,0,0,0,0,0,0.07,0,0,0,0,0,0,0,0,0,0,0,0,0,0,0,"Surpresa"
0.93,0,0.13,0,0,-1.79,0.85,0,0.21,0,0,0,0.78,0.61,0,-0.24,0,0,0.97,0,0.59,-0.08,0,-1.57,"Tristeza"
2.43,0.56,0,-0.06,0,0,0.8,0,0.28,0,-0.58,-1.4,0,0,0,-0.32,0,0,3.57,0,0.13,0,0,0,"Medo"
0,0,0.05,-0.22,0,0,0,0,0.23,-0.05,0,0,0,0,0,-0.24,0,0,0,0,0.23,0,0,0,"Desgosto"
0,0.63,0.09,-0.08,0,0,0,0,0.12,0,0,-0.88,0,0,0.07,-0.06,0,0,0.78,0,0.19,-0.26,0,0,"Desgosto"
0,0,0.13,-0.06,0,0,0,0,0.42,0,0,0,0,0,0,-0.25,0,0,0,0,0.58,0,0,0,"Alegria"
0,0.57,0.04,-0.09,0,-0.91,0.67,0,0,-0.07,0,0,0,0.65,0,-0.15,-0.34,0,0,0.49,0,-0.04,0,0,"Neutro"
0,0,0,-0.03,0,0,0,0,0.2,0,0,0,0,0,0,-0.11,0,0,0,0,0.3,0,0,0,"Neutro"
0,0,0,-0.04,0,0,0,0,0.17,0,0,0,0,0,0.06,-0.08,0,0,0,0,0.22,-0.04,0,0,"Neutro"
0,0,0,-0.04,-0.64,0,0,0,0,-0.01,0,0,0,0.56,0.03,0,0,0,0,0,0,-0.04,0,-0.83,"Neutro"
0,0,0,-0.02,0,0,0,0,0.11,0,0,0,0,0,0,-0.07,0,0,0,0,0.2,0,0,0,"Neutro"
0.91,0,0.08,0,0,0,0,0,0.12,0,0,0,0,0,0,0,0,0,0.79,0,0.2,0,0,0,"Neutro"
0,0,0,-0.09,0,-1.82,0,0,0.38,0,0,0,0,0.65,0,-0.3,0,-0.73,0,0,0.38,0,0,-0.99,"Surpresa"
1.67,0,0,0,-0.61,0,0.85,0,0,0,0,-0.71,0.98,0,0,0,0,0,0.97,0.57,0,0,0,-0.98,"Tristeza"
0,0,0.14,0,0,0,0,0,0.27,-0.05,0,0,0,0,0,-0.33,0,0,0,0,0.44,0,0,0,"Neutro"
1.8,0,0,-0.08,0,-0.77,0,0,0.52,0,0,-0.93,0,0,0.06,-0.11,0,-1.6,0,0.58,0.39,0,0,-1.66,"Neutro"
0,0,0.34,0,0,0,0,0,0.4,0,0,0,0,0,0,0,0,0,0,0,0.27,0,0,0,"Alegria"
0,0,0.07,0,0,-0.89,0,0,0.49,-0.05,0,0,0.94,0,0.03,-0.12,0,0,0,0,0.61,0,0,0,"Neutro"
0,0,0.26,-0.18,0,0,0,0,0.87,-0.11,0,0,0,0.62,0.12,-0.28,0,0,0,0,0.52,-0.12,-0.63,0,"Neutro"
0,0.59,0.04,0,0,0,0,0.65,0.24,0,0,0,0,0,0.01,-0.27,0,0,0,0,0.41,0,0,0,"Neutro"
0,0,0,-0.04,-1.2,-0.91,0,0,0.18,0,0,0,1.89,0.65,0,-0.09,0,0,0,0,0,-0.17,-0.54,-0.95,"Surpresa"
0,0,0.06,-0.18,0,-0.84,0,0,0.36,0,0,0,0,0.62,0,-0.07,0,-0.88,0,0,0.45,0,-0.64,-0.79,"Alegria"
0,0,0.04,-0.22,-0.52,0,0,0,0.34,0,0,0,0.78,0,0,-0.22,0,0,0,0,0.26,-0.16,0,-0.98,"Neutro"
2.5,0,0.09,0,0,-1.76,0,0,0.41,-0.05,0,-1.64,0,0.66,0,-0.39,0,-0.82,1.45,0,0.66,0,0,-1.82,"Neutro"
0,0,0.04,-0.16,0,-0.92,0,0,0.51,0,0,0,0,0,0,-0.41,0,0,0.88,0,0.47,-0.05,0,-0.93,"Neutro"
0,0,0.03,0,0,0,0,0,0.25,0,0,0,0,0,0,-0.1,0,-0.71,0,0,0.19,0,0,-0.72,"Neutro"
0.72,0,0.12,-0.07,-0.62,0,0,0,0.3,0,-0.51,0,0.82,0,0.05,-0.13,0,0,0,0.65,0.35,0,0,-0.78,"Surpresa"
0,0,0.18,0,0,0,0,0,0.33,-0.02,0,0,0,0,0.08,-0.16,0,0,0.97,0,0.17,0,0,0,"Tristeza"
0.91,0,0,-0.03,0,0,0,0,0.33,0,0,0,0,0,0,-0.06,0,0,0.79,0,0.11,0,0,0,"Alegria"
0,0.66,0,-0.17,0,0,0,0,0.19,0,0,-0.82,0,0,0,-0.26,0,0,0.95,0,0.21,-0.07,0,0,"Neutro"
0,0,0.09,-0.09,0,0,0,0,0,-0.16,0,0,0,0,0.04,0,0,0,0,0,0,-0.16,0,0,"Tristeza"
1.66,0.56,0.04,0,0,-1.68,0.77,0,0.18,0,0,-1.54,0.91,0.52,0,0,0,0,2.55,0,0.21,0,0,-1.93,"Neutro"
0.88,0.49,0.08,-0.06,-0.34,0,0.67,0,0.19,-0.19,0,-0.96,0.73,0,0.26,-0.26,0,0,0.77,0,0.46,-0.08,-0.58,-0.92,"Surpresa"
1.45,0,0.03,-0.22,0,-0.89,0.77,0,0.5,0,0,0,0.89,0,0,-0.37,0,-0.92,1.82,0,0.35,0,0,-1.51,"Surpresa"
0.72,0,0.07,0,0,-0.74,0,0,0.13,0,-0.51,0,0,0.64,0.05,-0.06,0,0,0,0.65,0.25,0,0,-0.75,"Neutro"
0,0,0,-0.2,0,0,0.89,0,0.34,0,0,0,0,0,0,-0.39,0,0,0,0,0.22,-0.05,0,0,"Alegria"
0,0,0.08,-0.03,-0.6,0,0,0,0.23,0,0,0,0,0.56,0,-0.07,0,0,0,0,0.23,-0.05,0,-0.85,"Desgosto"
0,0,0.08,-0.14,0,0,0,0,0,0,0,0,0,0,0,-0.17,0,0,0,0,0.2,-0.09,0,0,"Tristeza"
0.96,1.08,0,0,0,-0.89,0,0.42,0,0,-1.11,0,0.94,0,0,-0.32,0,0,1.76,0.37,0,0,0,0,"Neutro"
0.8,0,0.21,0,0,-1.71,0,0,0.62,0,-0.58,0,1.83,0,0.01,-0.3,0,0,0.95,0,0.63,0,-0.55,-0.99,"Desgosto"
1.86,0,0,-0.17,0,0,0.72,0,0.54,0,-0.55,0,0,0,0.02,-0.23,0,0,0.77,0.65,0.6,0,0,0,"Neutro"
0,0,0.1,-0.07,0,-0.89,0,0,0.68,-0.17,0,0,0,0,0,-0.49,0,0,0,0.35,0.37,0,0,-0.74,"Neutro"
1.79,0,0.12,0,0,-0.88,0.85,0,0.17,-0.12,-0.55,0,0,0,0.13,0,-0.6,0,0.97,0.65,0,-0.13,0,0,"Neutro"
0,0,0.04,0,-0.65,0,0,0.34,0.12,0,0,0,0,0.52,0,-0.39,0,0,0,0,0.32,0,-0.53,0,"Neutro"
0.84,0,0,-0.06,0,-0.91,0,0,0.42,0,0,0,0,1.3,0.01,0,0,-0.91,0,0,0.1,0,-0.64,0,"Tristeza"
0,0,0,-0.06,0,0,0.75,0,0.07,0,0,0,0,0,0,-0.1,0,0,0.78,0,0,0,0,0,"Surpresa"
0,0.58,0.14,-0.07,0,0,0,0,0.56,-0.02,-0.62,0,0,0,0,-0.17,0,0,0,0.6,0.44,0,0,0,"Neutro"
0,0,0,0,-1.24,0,0,0,0,-0.05,0,0,0,1.12,0,0,0,0,0,0,0.05,0,0,-1.68,"Neutro"
1.88,0,0,0,0,0,0.85,0,0,0,0,-0.73,0,0,0,0,0,0,1.75,0,0,0,0,0,"Neutro"
2.52,0,0.02,-0.25,0,0,0.88,0,0.59,0,-0.51,-0.84,0,0,0.01,-0.41,0,0,0.82,0.65,0.46,-0.14,0,0,"Desgosto"
1.93,0.56,0.03,-0.15,0,0,0.8,0,0.37,0,0,-2.34,0.71,0,0.07,-0.14,0,0,2.53,0,0.2,-0.26,0,-0.76,"Tristeza"
0,0,0,0,0,-0.92,0,0,0,0,0,0,0.86,0,0,0,0,0,0,0,0,0,0,-0.9,"Alegria"
0,0,0.16,0,0,-1.52,0,0,0.09,0,0,0,1.41,0,0.05,0,0,0,0,0,0.12,0,-0.54,-0.84,"Tristeza"
0.78,0,0.31,0,0,0,0,0,0.23,-0.09,0,0,0,0,0,-0.27,0,0,0,0,0.61,0,0,0,"Desgosto"
0.72,0,0,0,0,-0.89,0,0,0,0,-0.51,0,1.67,0,0,0,0,-0.75,0,0.65,0,0,0,-1.67,"Surpresa"
0,0,0,-0.04,0,0,0,0,0,-0.01,0,0,0,0,0,-0.16,0,0,0,0,0.18,-0.19,0,0,"Desgosto"
0,0,0.17,0,0,-1.66,0,0.35,0.35,0,0,-0.99,0,0,0,-0.32,-0.39,-0.83,0,0.38,0.07,-0.11,0,-0.78,"Alegria"
0,0.61,0,-0.15,-1.01,0,0,0,0,-0.2,-0.53,0,0.96,0,0.1,-0.29,0,0,0.93,0,0,-0.21,-1.03,0,"Neutro"
0,0,0,0,0,0,0,0,0.17,-0.04,0,0,0,0,0,-0.17,0,0,0,0,0.28,-0.19,0,0,"Desgosto"
0.99,0,0,-0.12,0,-0.98,0.95,0,0,-0.01,0,0,0.91,0,0,-0.08,0,0,0,0,0,-0.22,0,-0.99,"Surpresa"
0.85,0,0,0,0,0,0,0,0,0,-0.55,0,0,0,0,0,0,0,0,0.54,0,0,0,0,"Neutro"
0,0.56,0.26,-0.05,0,0,0,0.35,0,0,-0.55,0,0,0,0,-0.31,0,0,0,0.66,0.32,-0.05,0,0,"Desgosto"
0,0,0,-0.06,0,0,0,0,0.07,0,0,0,0,0,0,-0.1,0,-0.71,0,0,0,0,0,-0.72,"Medo"
0.93,0,0.18,-0.14,0,-0.77,0.85,0,0.58,0,0,0,0,0,0.02,-0.06,-0.45,0,0.97,0,0.3,-0.05,0,-0.86,"Surpresa"
0,0,0.12,0,0,-1.51,0,0,0.47,0,0,0,0,0.64,0,-0.11,-0.45,0,0,0,0.18,-0.05,0,-0.75,"Neutro"
0.78,0,0.33,0,0,-0.99,0.98,0,0.5,0,0,0,0.8,0,0,-0.28,0,0,1.7,0.35,0.15,0,0,-0.67,"Neutro"
0,0,0.06,0,0,0,0,0,0,-0.02,0,0,0,0,0,0,0,0,0,0,0.11,0,0,0,"Neutro"
0,0,0.1,-0.05,0,0,0,0,0.52,-0.11,0,0,0,0,0.11,-0.22,0,0,0,0,0.39,-0.11,0,0,"Tristeza"
0.93,0,0.24,-0.03,-0.57,0,1.56,0.41,0.13,-0.3,0,0,0.74,0,0.18,-0.36,0,0,2.82,0.45,0.09,-0.37,0,-0.78,"Alegria"
0,0,0.35,-0.1,-0.64,0,0,0,0.3,-0.09,0,0,0.95,0.56,0.05,-0.06,0,0,0,0,0.15,-0.16,0,-1.79,"Neutro"
0,0.66,0.27,-0.06,0,-0.91,0,0,0.3,0,-0.61,0,0,0.65,0,-0.1,0,0,0.69,0,0.15,0,0,0,"Tristeza"
1.8,0,0.02,-0.24,-0.63,-1.74,1.84,0,0.2,-0.17,0,0,1.72,0,0.03,-0.1,0,-0.8,0.97,0,0.32,-0.08,0,-1.8,"Neutro"
0.99,0,0,-0.02,0,-0.91,0.95,0,0.18,0,0,0,0,0.65,0.06,-0.1,0,0,0,0,0.29,-0.04,0,0,"Neutro"
0.73,0,0.14,-0.07,0,0,0.77,0,0.14,-0.09,0,0,0,0,0,-0.21,0,0,0.84,0,0.24,0,0,0,"Tristeza"
0,0,0.04,-0.17,-0.45,0,0,0.39,0.34,-0.14,0,0,0,0.66,0.03,-0.34,0,0,0,0,0.17,-0.31,-0.66,0,"Surpresa"
0,0,0,0,0,0,0,0.34,0.51,0,0,0,0,0,0,-0.6,0,-0.97,0,0.38,0.79,0,0,-0.91,"Neutro"
0,0,0,-0.03,0,0,0,0,0.1,0,0,0,0,0,0,0,0,0,0.97,0,0.09,0,0,0,"Neutro"
0,0,0.11,-0.22,0,0,0,0,0.07,-0.08,0,0,0,0,0,-0.19,-0.6,0,0,0,0,-0.13,0,0,"Neutro"
0,0,0.03,-0.14,0,-0.74,0,0,0.3,0,0,0,0,0.64,0.02,-0.05,0,0,0,0,0.33,0,0,-0.75,"Neutro"
0.95,0,0,0,0,0,0,0,0,-0.13,0,0,0,0,0.06,0,0,0,0,0,0,0,0,0,"Neutro"
0,0,0.04,0,0,0,0,0,0,0,0,0,0,0,0.05,0,0,0,0.88,0,0.12,0,0,0,"Neutro"
0,0,0,0,0,0,0,0,0.07,0,0,0,0,0,0.03,0,0,0,0,0,0.07,0,0,0,"Neutro"
0.78,0,0.09,-0.14,0,0,0,0,0.07,0,0,-0.8,0,0,0.02,-0.06,0,0,0.95,0,0.16,0,0,0,"Neutro"
0.79,0,0.03,-0.11,0,-0.7,0.87,0,0.12,-0.03,0,0,1.67,0,0.02,-0.15,0,0,0,0,0.31,0,0,-1.63,"Neutro"
0,0,0.34,-0.13,0,0,0,0.35,0.4,0,0,0,0,0,0,-0.37,0,0,0,0,0.84,0,0,0,"Tristeza"
0,0,0,-0.24,0,-0.92,0,0,0.26,0,0,0,0.86,0,0.02,-0.09,0,0,0,0,0.11,0,0,-0.9,"Neutro"
0,0,0,-0.23,0,0,0,0,0.33,0,0,0,0,0,0,-0.3,0,0,0,0.39,0,0,0,0,"Neutro"
0.88,0.43,0,-0.05,0,-0.78,0,0.66,0.12,0,0,-0.96,0.73,0,0,-0.41,0,0,0.77,0,0.34,0,0,-0.95,"Neutro"
0.96,0,0.08,-0.06,0,0,0,0,0.42,-0.06,0,-0.7,0.73,0,0,-0.15,0,0,0,0.52,0.3,0,0,-0.92,"Alegria"
0,0,0.13,-0.2,0,0,0,0,0.6,0,0,0,0,0,0.01,-0.36,0,0,0.77,0,0.57,0,0,0,"Neutro"
0,0,0.05,0,0,0,0,0,0.23,0,0,0,0,0,0.02,-0.13,0,0,0,0,0.14,0,0,0,"Neutro"
0.94,0.58,0.06,-0.11,0,0,0,0,0.37,-0.01,-1.2,0,0,0,0.02,-0.36,0,0,0,1.14,0.47,0,0,0,"Neutro"
0.91,0,0.17,-0.02,0,0,0,0,0.11,-0.05,0,-0.84,0,0,0,0,0,0,0.82,0,0.38,0,0,0,"Tristeza"
0,0.57,0.03,0,0,0,0,0,0.42,0,0,-0.8,0,0,0,-0.22,0,0,0.8,0,0.47,0,0,0,"Neutro"
0.92,0,0.06,-0.21,-0.53,-0.8,0,0,0.44,0,0,0,0.86,0.53,0,-0.62,0,0,0,0.35,0.17,-0.15,-0.64,-0.75,"Neutro"
0.79,0,0,-0.14,0,0,0.87,0,0.07,0,0,0,0,0,0.02,0,0,0,0,0,0,0,0,0,"Neutro"
0,0,0.23,0,-0.51,-0.91,0,0,0.24,0,0,0,0.98,0,0,-0.29,0,-0.73,0,0,0.33,0,0,-1.86,"Neutro"
0.86,0,0.08,0,0,-0.91,0,0,0,0,-0.55,0,0,0.65,0,0,0,0,0,0.65,0.2,0,0,0,"Tristeza"
0.89,0.56,0,-0.05,0,-0.99,0,0,0.26,0,0,-0.7,0,0,0,-0.1,0,-0.8,0.88,0,0.1,0,0,0,"Neutro"
0,0,0.31,-0.11,0,0,0,0.35,0.81,0,0,0,0,0,0,-0.64,0,0,0,0,1.03,-0.1,0,0,"Alegria"
0.84,0.65,0.33,-0.17,0,0,0.83,0,0.84,0,-0.59,0,0,0.63,0,-0.39,0,0,1.66,0,0.66,0,-0.64,0,"Neutro"
0,0,0.1,-0.14,0,0,0,0,0.42,0,0,0,0,0.63,0,-0.18,0,0,0,0,0.19,0,-0.64,0,"Neutro"
0,0,0.04,0,0,-1.65,0,0,0.14,0,0,0,0,0.59,0.28,-0.1,0,0,0,0,0.07,0,-0.61,0,"Alegria"
0,0,0,-0.09,0,0,0,0,0,0,0,0,0,0,0,0,0,0,0,0,0.18,-0.2,0,0,"Medo"
1.73,0,0.09,0,0,0,1.85,0,0.11,0,0,0,0,0,0,-0.09,0,0,1.85,0,0,0,0,0,"Tristeza"
0,0,0.05,0,0,-0.75,0,0,0.57,0,0,0,0,0,0,-0.18,-0.43,0,0,0,0.35,0,0,0,"Tristeza"
0,0,0.03,-0.06,0,0,0,0,0.53,-0.05,0,0,0,0,0,-0.2,0,0,0,0,0.47,0,0,0,"Tristeza"
0.93,0,0.2,0,0,0,0,0,0.28,-0.06,0,-0.88,0,0,0.05,-0.12,0,0,0.68,0,0.5,0,0,0,"Neutro"
0,1.14,0,-0.14,0,0,0,0.6,0.31,0,0,-0.71,0,0.63,0,-0.34,0,0,0,1.01,0.23,0,-0.64,0,"Neutro"
0,0,0,-0.15,0,-0.99,0,0.35,0.35,0,0,0,0.8,0.66,0,-0.41,0,0,0,0.37,0.16,0,-0.66,-0.67,"Neutro"
0.84,0,0.31,0,0,0,0,0,0.27,-0.05,-0.6,0,0,0,0,-0.08,0,0,0.85,0,0.23,0,0,0,"Tristeza"
